scraped_at,target_date,route_name,capacity,available,sold
2026-01-19 00:16:55,2026-01-20,Ruta 1-A: Montaña Machupicchu,50,50,0
2026-01-19 00:16:55,2026-01-20,Ruta 1-B: Terraza superior,100,100,0
2026-01-19 00:16:55,2026-01-20,Ruta 2-A: Clásico Diseñada,600,600,0
2026-01-19 00:16:55,2026-01-20,Ruta 2-B: Terraza Inferior,100,100,0
2026-01-19 00:16:55,2026-01-20,Ruta 3-A: Montaña Waynapicchu,50,50,0
2026-01-19 00:16:55,2026-01-20,Ruta 3-B: Realeza diseñada,100,100,0
2026-01-19 00:45:24,2026-01-20,Ruta 1-A: Montaña Machupicchu,50,50,0
2026-01-19 00:45:24,2026-01-20,Ruta 1-B: Terraza superior,100,100,0
2026-01-19 00:45:24,2026-01-20,Ruta 2-A: Clásico Diseñada,600,600,0
2026-01-19 00:45:24,2026-01-20,Ruta 2-B: Terraza Inferior,100,100,0
2026-01-19 00:45:24,2026-01-20,Ruta 3-A: Montaña Waynapicchu,50,50,0
2026-01-19 00:45:24,2026-01-20,Ruta 3-B: Realeza diseñada,100,100,0
2026-01-19 01:16:07,2026-01-20,Ruta 1-A: Montaña Machupicchu,50,50,0
2026-01-19 01:16:07,2026-01-20,Ruta 1-B: Terraza superior,100,100,0
2026-01-19 01:16:07,2026-01-20,Ruta 2-A: Clásico Diseñada,600,600,0
2026-01-19 01:16:07,2026-01-20,Ruta 2-B: Terraza Inferior,100,100,0
2026-01-19 01:16:07,2026-01-20,Ruta 3-A: Montaña Waynapicchu,50,50,0
2026-01-19 01:16:07,2026-01-20,Ruta 3-B: Realeza diseñada,100,100,0
2026-01-19 01:48:22,2026-01-20,Ruta 1-A: Montaña Machupicchu,50,50,0
2026-01-19 01:48:22,2026-01-20,Ruta 1-B: Terraza superior,100,100,0
2026-01-19 01:48:22,2026-01-20,Ruta 2-A: Clásico Diseñada,600,600,0
2026-01-19 01:48:22,2026-01-20,Ruta 2-B: Terraza Inferior,100,100,0
2026-01-19 01:48:22,2026-01-20,Ruta 3-A: Montaña Waynapicchu,50,50,0
2026-01-19 01:48:22,2026-01-20,Ruta 3-B: Realeza diseñada,100,100,0
2026-01-19 02:15:32,2026-01-20,Ruta 1-A: Montaña Machupicchu,50,50,0
2026-01-19 02:15:32,2026-01-20,Ruta 1-B: Terraza superior,100,100,0
2026-01-19 02:15:32,2026-01-20,Ruta 2-A: Clásico Diseñada,600,600,0
2026-01-19 02:15:32,2026-01-20,Ruta 2-B: Terraza Inferior,100,100,0
2026-01-19 02:15:32,2026-01-20,Ruta 3-A: Montaña Waynapicchu,50,50,0
2026-01-19 02:15:32,2026-01-20,Ruta 3-B: Realeza diseñada,100,100,0
2026-01-19 02:42:45,2026-01-20,Ruta 1-A: Montaña Machupicchu,50,50,0
2026-01-19 02:42:45,2026-01-20,Ruta 1-B: Terraza superior,100,100,0
2026-01-19 02:42:45,2026-01-20,Ruta 2-A: Clásico Diseñada,600,600,0
2026-01-19 02:42:45,2026-01-20,Ruta 2-B: Terraza Inferior,100,100,0
2026-01-19 02:42:45,2026-01-20,Ruta 3-A: Montaña Waynapicchu,50,50,0
2026-01-19 02:42:45,2026-01-20,Ruta 3-B: Realeza diseñada,100,100,0
2026-01-19 03:13:45,2026-01-20,Ruta 1-A: Montaña Machupicchu,50,50,0
2026-01-19 03:13:45,2026-01-20,Ruta 1-B: Terraza superior,100,100,0
2026-01-19 03:13:45,2026-01-20,Ruta 2-A: Clásico Diseñada,600,600,0
2026-01-19 03:13:45,2026-01-20,Ruta 2-B: Terraza Inferior,100,100,0
2026-01-19 03:13:45,2026-01-20,Ruta 3-A: Montaña Waynapicchu,50,50,0
2026-01-19 03:13:45,2026-01-20,Ruta 3-B: Realeza diseñada,100,100,0
2026-01-19 03:47:10,2026-01-20,Ruta 1-A: Montaña Machupicchu,50,50,0
2026-01-19 03:47:10,2026-01-20,Ruta 1-B: Terraza superior,100,100,0
2026-01-19 03:47:10,2026-01-20,Ruta 2-A: Clásico Diseñada,600,600,0
2026-01-19 03:47:10,2026-01-20,Ruta 2-B: Terraza Inferior,100,100,0
2026-01-19 03:47:10,2026-01-20,Ruta 3-A: Montaña Waynapicchu,50,50,0
2026-01-19 03:47:10,2026-01-20,Ruta 3-B: Realeza diseñada,100,100,0
2026-01-19 04:16:22,2026-01-20,Ruta 1-A: Montaña Machupicchu,50,50,0
2026-01-19 04:16:22,2026-01-20,Ruta 1-B: Terraza superior,100,100,0
2026-01-19 04:16:22,2026-01-20,Ruta 2-A: Clásico Diseñada,600,600,0
2026-01-19 04:16:22,2026-01-20,Ruta 2-B: Terraza Inferior,100,100,0
2026-01-19 04:16:22,2026-01-20,Ruta 3-A: Montaña Waynapicchu,50,50,0
2026-01-19 04:16:22,2026-01-20,Ruta 3-B: Realeza diseñada,100,100,0
2026-01-19 04:46:42,2026-01-20,Ruta 1-A: Montaña Machupicchu,50,50,0
2026-01-19 04:46:42,2026-01-20,Ruta 1-B: Terraza superior,100,100,0
2026-01-19 04:46:42,2026-01-20,Ruta 2-A: Clásico Diseñada,600,600,0
2026-01-19 04:46:42,2026-01-20,Ruta 2-B: Terraza Inferior,100,100,0
2026-01-19 04:46:42,2026-01-20,Ruta 3-A: Montaña Waynapicchu,50,50,0
2026-01-19 04:46:42,2026-01-20,Ruta 3-B: Realeza diseñada,100,100,0
2026-01-19 05:11:48,2026-01-20,Ruta 1-A: Montaña Machupicchu,50,50,0
2026-01-19 05:11:48,2026-01-20,Ruta 1-B: Terraza superior,100,100,0
2026-01-19 05:11:48,2026-01-20,Ruta 2-A: Clásico Diseñada,600,600,0
2026-01-19 05:11:48,2026-01-20,Ruta 2-B: Terraza Inferior,100,100,0
2026-01-19 05:11:48,2026-01-20,Ruta 3-A: Montaña Waynapicchu,50,50,0
2026-01-19 05:11:48,2026-01-20,Ruta 3-B: Realeza diseñada,100,100,0
2026-01-19 05:45:18,2026-01-20,Ruta 1-A: Montaña Machupicchu,50,50,0
2026-01-19 05:45:18,2026-01-20,Ruta 1-B: Terraza superior,100,100,0
2026-01-19 05:45:18,2026-01-20,Ruta 2-A: Clásico Diseñada,600,600,0
2026-01-19 05:45:18,2026-01-20,Ruta 2-B: Terraza Inferior,100,100,0
2026-01-19 05:45:18,2026-01-20,Ruta 3-A: Montaña Waynapicchu,50,50,0
2026-01-19 05:45:18,2026-01-20,Ruta 3-B: Realeza diseñada,100,100,0
2026-01-19 06:09:28,2026-01-20,Ruta 1-A: Montaña Machupicchu,50,50,0
2026-01-19 06:09:28,2026-01-20,Ruta 1-B: Terraza superior,100,100,0
2026-01-19 06:09:28,2026-01-20,Ruta 2-A: Clásico Diseñada,600,599,1
2026-01-19 06:09:28,2026-01-20,Ruta 2-B: Terraza Inferior,100,100,0
2026-01-19 06:09:28,2026-01-20,Ruta 3-A: Montaña Waynapicchu,50,50,0
2026-01-19 06:09:28,2026-01-20,Ruta 3-B: Realeza diseñada,100,100,0
2026-01-19 06:39:14,2026-01-20,Ruta 1-A: Montaña Machupicchu,50,50,0
2026-01-19 06:39:14,2026-01-20,Ruta 1-B: Terraza superior,100,100,0
2026-01-19 06:39:14,2026-01-20,Ruta 2-A: Clásico Diseñada,600,571,29
2026-01-19 06:39:14,2026-01-20,Ruta 2-B: Terraza Inferior,100,93,7
2026-01-19 06:39:14,2026-01-20,Ruta 3-A: Montaña Waynapicchu,50,50,0
2026-01-19 06:39:14,2026-01-20,Ruta 3-B: Realeza diseñada,100,100,0
2026-01-19 07:15:47,2026-01-20,Ruta 1-A: Montaña Machupicchu,50,50,0
2026-01-19 07:15:47,2026-01-20,Ruta 1-B: Terraza superior,100,100,0
2026-01-19 07:15:47,2026-01-20,Ruta 2-A: Clásico Diseñada,600,539,61
2026-01-19 07:15:47,2026-01-20,Ruta 2-B: Terraza Inferior,100,91,9
2026-01-19 07:15:47,2026-01-20,Ruta 3-A: Montaña Waynapicchu,50,50,0
2026-01-19 07:15:47,2026-01-20,Ruta 3-B: Realeza diseñada,100,100,0
2026-01-19 07:49:24,2026-01-20,Ruta 1-A: Montaña Machupicchu,50,50,0
2026-01-19 07:49:24,2026-01-20,Ruta 1-B: Terraza superior,100,100,0
2026-01-19 07:49:24,2026-01-20,Ruta 2-A: Clásico Diseñada,600,483,117
2026-01-19 07:49:24,2026-01-20,Ruta 2-B: Terraza Inferior,100,91,9
2026-01-19 07:49:24,2026-01-20,Ruta 3-A: Montaña Waynapicchu,50,48,2
2026-01-19 07:49:24,2026-01-20,Ruta 3-B: Realeza diseñada,100,100,0
2026-01-19 08:23:08,2026-01-20,Ruta 1-A: Montaña Machupicchu,50,50,0
2026-01-19 08:23:08,2026-01-20,Ruta 1-B: Terraza superior,100,100,0
2026-01-19 08:23:08,2026-01-20,Ruta 2-A: Clásico Diseñada,600,451,149
2026-01-19 08:23:08,2026-01-20,Ruta 2-B: Terraza Inferior,100,91,9
2026-01-19 08:23:08,2026-01-20,Ruta 3-A: Montaña Waynapicchu,50,48,2
2026-01-19 08:23:08,2026-01-20,Ruta 3-B: Realeza diseñada,100,100,0
2026-01-19 08:49:06,2026-01-20,Ruta 1-A: Montaña Machupicchu,50,50,0
2026-01-19 08:49:06,2026-01-20,Ruta 1-B: Terraza superior,100,100,0
2026-01-19 08:49:06,2026-01-20,Ruta 2-A: Clásico Diseñada,600,432,168
2026-01-19 08:49:06,2026-01-20,Ruta 2-B: Terraza Inferior,100,90,10
2026-01-19 08:49:06,2026-01-20,Ruta 3-A: Montaña Waynapicchu,50,48,2
2026-01-19 08:49:06,2026-01-20,Ruta 3-B: Realeza diseñada,100,100,0
2026-01-19 09:13:09,2026-01-20,Ruta 1-A: Montaña Machupicchu,50,50,0
2026-01-19 09:13:09,2026-01-20,Ruta 1-B: Terraza superior,100,100,0
2026-01-19 09:13:09,2026-01-20,Ruta 2-A: Clásico Diseñada,600,424,176
2026-01-19 09:13:09,2026-01-20,Ruta 2-B: Terraza Inferior,100,90,10
2026-01-19 09:13:09,2026-01-20,Ruta 3-A: Montaña Waynapicchu,50,48,2
2026-01-19 09:13:09,2026-01-20,Ruta 3-B: Realeza diseñada,100,100,0
2026-01-19 09:44:40,2026-01-20,Ruta 1-A: Montaña Machupicchu,50,49,1
2026-01-19 09:44:40,2026-01-20,Ruta 1-B: Terraza superior,100,100,0
2026-01-19 09:44:40,2026-01-20,Ruta 2-A: Clásico Diseñada,600,411,189
2026-01-19 09:44:40,2026-01-20,Ruta 2-B: Terraza Inferior,100,88,12
2026-01-19 09:44:40,2026-01-20,Ruta 3-A: Montaña Waynapicchu,50,48,2
2026-01-19 09:44:40,2026-01-20,Ruta 3-B: Realeza diseñada,100,98,2
2026-01-19 10:11:08,2026-01-20,Ruta 1-A: Montaña Machupicchu,50,48,2
2026-01-19 10:11:08,2026-01-20,Ruta 1-B: Terraza superior,100,100,0
2026-01-19 10:11:08,2026-01-20,Ruta 2-A: Clásico Diseñada,600,391,209
2026-01-19 10:11:08,2026-01-20,Ruta 2-B: Terraza Inferior,100,85,15
2026-01-19 10:11:08,2026-01-20,Ruta 3-A: Montaña Waynapicchu,50,48,2
2026-01-19 10:11:08,2026-01-20,Ruta 3-B: Realeza diseñada,100,98,2
2026-01-19 10:42:25,2026-01-20,Ruta 1-A: Montaña Machupicchu,50,48,2
2026-01-19 10:42:25,2026-01-20,Ruta 1-B: Terraza superior,100,100,0
2026-01-19 10:42:25,2026-01-20,Ruta 2-A: Clásico Diseñada,600,384,216
2026-01-19 10:42:25,2026-01-20,Ruta 2-B: Terraza Inferior,100,85,15
2026-01-19 10:42:25,2026-01-20,Ruta 3-A: Montaña Waynapicchu,50,48,2
2026-01-19 10:42:25,2026-01-20,Ruta 3-B: Realeza diseñada,100,97,3
2026-01-19 11:10:49,2026-01-20,Ruta 1-A: Montaña Machupicchu,50,48,2
2026-01-19 11:10:49,2026-01-20,Ruta 1-B: Terraza superior,100,100,0
2026-01-19 11:10:49,2026-01-20,Ruta 2-A: Clásico Diseñada,600,373,227
2026-01-19 11:10:49,2026-01-20,Ruta 2-B: Terraza Inferior,100,82,18
2026-01-19 11:10:49,2026-01-20,Ruta 3-A: Montaña Waynapicchu,50,48,2
2026-01-19 11:10:49,2026-01-20,Ruta 3-B: Realeza diseñada,100,97,3
2026-01-19 11:10:59,2026-01-20,Ruta 1-A: Montaña Machupicchu,50,48,2
2026-01-19 11:10:59,2026-01-20,Ruta 1-B: Terraza superior,100,100,0
2026-01-19 11:10:59,2026-01-20,Ruta 2-A: Clásico Diseñada,600,373,227
2026-01-19 11:10:59,2026-01-20,Ruta 2-B: Terraza Inferior,100,82,18
2026-01-19 11:10:59,2026-01-20,Ruta 3-A: Montaña Waynapicchu,50,48,2
2026-01-19 11:10:59,2026-01-20,Ruta 3-B: Realeza diseñada,100,97,3
2026-01-19 11:45:35,2026-01-20,Ruta 1-A: Montaña Machupicchu,50,48,2
2026-01-19 11:45:35,2026-01-20,Ruta 1-B: Terraza superior,100,100,0
2026-01-19 11:45:35,2026-01-20,Ruta 2-A: Clásico Diseñada,600,362,238
2026-01-19 11:45:35,2026-01-20,Ruta 2-B: Terraza Inferior,100,82,18
2026-01-19 11:45:35,2026-01-20,Ruta 3-A: Montaña Waynapicchu,50,48,2
2026-01-19 11:45:35,2026-01-20,Ruta 3-B: Realeza diseñada,100,97,3
2026-01-19 12:10:38,2026-01-20,Ruta 1-A: Montaña Machupicchu,50,48,2
2026-01-19 12:10:38,2026-01-20,Ruta 1-B: Terraza superior,100,100,0
2026-01-19 12:10:38,2026-01-20,Ruta 2-A: Clásico Diseñada,600,344,256
2026-01-19 12:10:38,2026-01-20,Ruta 2-B: Terraza Inferior,100,82,18
2026-01-19 12:10:38,2026-01-20,Ruta 3-A: Montaña Waynapicchu,50,48,2
2026-01-19 12:10:38,2026-01-20,Ruta 3-B: Realeza diseñada,100,97,3
2026-01-19 12:40:53,2026-01-20,Ruta 1-A: Montaña Machupicchu,50,48,2
2026-01-19 12:40:53,2026-01-20,Ruta 1-B: Terraza superior,100,100,0
2026-01-19 12:40:53,2026-01-20,Ruta 2-A: Clásico Diseñada,600,307,293
2026-01-19 12:40:53,2026-01-20,Ruta 2-B: Terraza Inferior,100,71,29
2026-01-19 12:40:53,2026-01-20,Ruta 3-A: Montaña Waynapicchu,50,48,2
2026-01-19 12:40:53,2026-01-20,Ruta 3-B: Realeza diseñada,100,97,3
2026-01-19 13:12:10,2026-01-20,Ruta 1-A: Montaña Machupicchu,50,48,2
2026-01-19 13:12:10,2026-01-20,Ruta 1-B: Terraza superior,100,100,0
2026-01-19 13:12:10,2026-01-20,Ruta 2-A: Clásico Diseñada,600,245,355
2026-01-19 13:12:10,2026-01-20,Ruta 2-B: Terraza Inferior,100,65,35
2026-01-19 13:12:10,2026-01-20,Ruta 3-A: Montaña Waynapicchu,50,47,3
2026-01-19 13:12:10,2026-01-20,Ruta 3-B: Realeza diseñada,100,97,3
2026-01-19 13:46:37,2026-01-20,Ruta 1-A: Montaña Machupicchu,50,48,2
2026-01-19 13:46:37,2026-01-20,Ruta 1-B: Terraza superior,100,100,0
2026-01-19 13:46:37,2026-01-20,Ruta 2-A: Clásico Diseñada,600,226,374
2026-01-19 13:46:37,2026-01-20,Ruta 2-B: Terraza Inferior,100,42,58
2026-01-19 13:46:37,2026-01-20,Ruta 3-A: Montaña Waynapicchu,50,44,6
2026-01-19 13:46:37,2026-01-20,Ruta 3-B: Realeza diseñada,100,97,3
2026-01-19 14:08:59,2026-01-20,Ruta 1-A: Montaña Machupicchu,50,48,2
2026-01-19 14:08:59,2026-01-20,Ruta 1-B: Terraza superior,100,100,0
2026-01-19 14:08:59,2026-01-20,Ruta 2-A: Clásico Diseñada,600,224,376
2026-01-19 14:08:59,2026-01-20,Ruta 2-B: Terraza Inferior,100,42,58
2026-01-19 14:08:59,2026-01-20,Ruta 3-A: Montaña Waynapicchu,50,44,6
2026-01-19 14:08:59,2026-01-20,Ruta 3-B: Realeza diseñada,100,92,8
2026-01-19 14:37:00,2026-01-20,Ruta 1-A: Montaña Machupicchu,50,48,2
2026-01-19 14:37:00,2026-01-20,Ruta 1-B: Terraza superior,100,100,0
2026-01-19 14:37:00,2026-01-20,Ruta 2-A: Clásico Diseñada,600,220,380
2026-01-19 14:37:00,2026-01-20,Ruta 2-B: Terraza Inferior,100,39,61
2026-01-19 14:37:00,2026-01-20,Ruta 3-A: Montaña Waynapicchu,50,44,6
2026-01-19 14:37:00,2026-01-20,Ruta 3-B: Realeza diseñada,100,92,8
2026-01-19 15:09:12,2026-01-20,Ruta 1-A: Montaña Machupicchu,50,48,2
2026-01-19 15:09:12,2026-01-20,Ruta 1-B: Terraza superior,100,100,0
2026-01-19 15:09:12,2026-01-20,Ruta 2-A: Clásico Diseñada,600,180,420
2026-01-19 15:09:12,2026-01-20,Ruta 2-B: Terraza Inferior,100,32,68
2026-01-19 15:09:12,2026-01-20,Ruta 3-A: Montaña Waynapicchu,50,44,6
2026-01-19 15:09:12,2026-01-20,Ruta 3-B: Realeza diseñada,100,92,8
2026-01-19 15:40:16,2026-01-20,Ruta 1-A: Montaña Machupicchu,50,48,2
2026-01-19 15:40:16,2026-01-20,Ruta 1-B: Terraza superior,100,94,6
2026-01-19 15:40:16,2026-01-20,Ruta 2-A: Clásico Diseñada,600,158,442
2026-01-19 15:40:16,2026-01-20,Ruta 2-B: Terraza Inferior,100,32,68
2026-01-19 15:40:16,2026-01-20,Ruta 3-A: Montaña Waynapicchu,50,44,6
2026-01-19 15:40:16,2026-01-20,Ruta 3-B: Realeza diseñada,100,91,9
2026-01-19 16:08:24,2026-01-20,Ruta 1-A: Montaña Machupicchu,50,48,2
2026-01-19 16:08:24,2026-01-20,Ruta 1-B: Terraza superior,100,92,8
2026-01-19 16:08:24,2026-01-20,Ruta 2-A: Clásico Diseñada,600,147,453
2026-01-19 16:08:24,2026-01-20,Ruta 2-B: Terraza Inferior,100,30,70
2026-01-19 16:08:24,2026-01-20,Ruta 3-A: Montaña Waynapicchu,50,42,8
2026-01-19 16:08:24,2026-01-20,Ruta 3-B: Realeza diseñada,100,89,11
2026-01-19 16:37:39,2026-01-20,Ruta 1-A: Montaña Machupicchu,50,48,2
2026-01-19 16:37:39,2026-01-20,Ruta 1-B: Terraza superior,100,92,8
2026-01-19 16:37:39,2026-01-20,Ruta 2-A: Clásico Diseñada,600,130,470
2026-01-19 16:37:39,2026-01-20,Ruta 2-B: Terraza Inferior,100,30,70
2026-01-19 16:37:39,2026-01-20,Ruta 3-A: Montaña Waynapicchu,50,42,8
2026-01-19 16:37:39,2026-01-20,Ruta 3-B: Realeza diseñada,100,86,14
2026-01-19 17:08:38,2026-01-20,Ruta 1-A: Montaña Machupicchu,50,48,2
2026-01-19 17:08:38,2026-01-20,Ruta 1-B: Terraza superior,100,90,10
2026-01-19 17:08:38,2026-01-20,Ruta 2-A: Clásico Diseñada,600,126,474
2026-01-19 17:08:38,2026-01-20,Ruta 2-B: Terraza Inferior,100,29,71
2026-01-19 17:08:38,2026-01-20,Ruta 3-A: Montaña Waynapicchu,50,42,8
2026-01-19 17:08:38,2026-01-20,Ruta 3-B: Realeza diseñada,100,84,16
2026-01-19 17:40:26,2026-01-20,Ruta 1-A: Montaña Machupicchu,50,48,2
2026-01-19 17:40:26,2026-01-20,Ruta 1-B: Terraza superior,100,90,10
2026-01-19 17:40:26,2026-01-20,Ruta 2-A: Clásico Diseñada,600,117,483
2026-01-19 17:40:26,2026-01-20,Ruta 2-B: Terraza Inferior,100,24,76
2026-01-19 17:40:26,2026-01-20,Ruta 3-A: Montaña Waynapicchu,50,42,8
2026-01-19 17:40:26,2026-01-20,Ruta 3-B: Realeza diseñada,100,80,20
2026-01-19 18:08:23,2026-01-20,Ruta 1-A: Montaña Machupicchu,50,48,2
2026-01-19 18:08:23,2026-01-20,Ruta 1-B: Terraza superior,100,90,10
2026-01-19 18:08:23,2026-01-20,Ruta 2-A: Clásico Diseñada,600,113,487
2026-01-19 18:08:23,2026-01-20,Ruta 2-B: Terraza Inferior,100,22,78
2026-01-19 18:08:23,2026-01-20,Ruta 3-A: Montaña Waynapicchu,50,42,8
2026-01-19 18:08:23,2026-01-20,Ruta 3-B: Realeza diseñada,100,78,22
2026-01-19 18:38:04,2026-01-20,Ruta 1-A: Montaña Machupicchu,50,48,2
2026-01-19 18:38:04,2026-01-20,Ruta 1-B: Terraza superior,100,90,10
2026-01-19 18:38:04,2026-01-20,Ruta 2-A: Clásico Diseñada,600,103,497
2026-01-19 18:38:04,2026-01-20,Ruta 2-B: Terraza Inferior,100,22,78
2026-01-19 18:38:04,2026-01-20,Ruta 3-A: Montaña Waynapicchu,50,42,8
2026-01-19 18:38:04,2026-01-20,Ruta 3-B: Realeza diseñada,100,78,22
2026-01-19 19:34:19,2026-01-20,Ruta 1-A: Montaña Machupicchu,50,46,4
2026-01-19 19:34:19,2026-01-20,Ruta 1-B: Terraza superior,100,88,12
2026-01-19 19:34:19,2026-01-20,Ruta 2-A: Clásico Diseñada,600,98,502
2026-01-19 19:34:19,2026-01-20,Ruta 2-B: Terraza Inferior,100,22,78
2026-01-19 19:34:19,2026-01-20,Ruta 3-A: Montaña Waynapicchu,50,37,13
2026-01-19 19:34:19,2026-01-20,Ruta 3-B: Realeza diseñada,100,75,25
2026-01-19 20:37:47,2026-01-20,Ruta 1-A: Montaña Machupicchu,50,46,4
2026-01-19 20:37:47,2026-01-20,Ruta 1-B: Terraza superior,100,88,12
2026-01-19 20:37:47,2026-01-20,Ruta 2-A: Clásico Diseñada,600,98,502
2026-01-19 20:37:47,2026-01-20,Ruta 2-B: Terraza Inferior,100,22,78
2026-01-19 20:37:47,2026-01-20,Ruta 3-A: Montaña Waynapicchu,50,37,13
2026-01-19 20:37:47,2026-01-20,Ruta 3-B: Realeza diseñada,100,71,29
2026-01-19 21:48:28,2026-01-20,Ruta 1-A: Montaña Machupicchu,50,46,4
2026-01-19 21:48:28,2026-01-20,Ruta 1-B: Terraza superior,100,86,14
2026-01-19 21:48:28,2026-01-20,Ruta 2-A: Clásico Diseñada,600,36,564
2026-01-19 21:48:28,2026-01-20,Ruta 2-B: Terraza Inferior,100,12,88
2026-01-19 21:48:28,2026-01-20,Ruta 3-A: Montaña Waynapicchu,50,35,15
2026-01-19 21:48:28,2026-01-20,Ruta 3-B: Realeza diseñada,100,70,30
2026-01-19 23:05:02,2026-01-20,Ruta 1-A: Montaña Machupicchu,50,46,4
2026-01-19 23:05:02,2026-01-20,Ruta 1-B: Terraza superior,100,84,16
2026-01-19 23:05:02,2026-01-20,Ruta 2-A: Clásico Diseñada,600,2,598
2026-01-19 23:05:02,2026-01-20,Ruta 2-B: Terraza Inferior,100,7,93
2026-01-19 23:05:02,2026-01-20,Ruta 3-A: Montaña Waynapicchu,50,29,21
2026-01-19 23:05:02,2026-01-20,Ruta 3-B: Realeza diseñada,100,69,31
2026-01-19 23:32:53,2026-01-20,Ruta 1-A: Montaña Machupicchu,50,46,4
2026-01-19 23:32:53,2026-01-20,Ruta 1-B: Terraza superior,100,84,16
2026-01-19 23:32:53,2026-01-20,Ruta 2-A: Clásico Diseñada,600,2,598
2026-01-19 23:32:53,2026-01-20,Ruta 2-B: Terraza Inferior,100,7,93
2026-01-19 23:32:53,2026-01-20,Ruta 3-A: Montaña Waynapicchu,50,29,21
2026-01-19 23:32:53,2026-01-20,Ruta 3-B: Realeza diseñada,100,69,31
2026-01-19 23:57:10,2026-01-20,Ruta 1-A: Montaña Machupicchu,50,46,4
2026-01-19 23:57:10,2026-01-20,Ruta 1-B: Terraza superior,100,84,16
2026-01-19 23:57:10,2026-01-20,Ruta 2-A: Clásico Diseñada,600,2,598
2026-01-19 23:57:10,2026-01-20,Ruta 2-B: Terraza Inferior,100,7,93
2026-01-19 23:57:10,2026-01-20,Ruta 3-A: Montaña Waynapicchu,50,29,21
2026-01-19 23:57:10,2026-01-20,Ruta 3-B: Realeza diseñada,100,69,31
2026-01-20 00:21:14,2026-01-21,Ruta 1-A: Montaña Machupicchu,50,50,0
2026-01-20 00:21:14,2026-01-21,Ruta 1-B: Terraza superior,100,100,0
2026-01-20 00:21:14,2026-01-21,Ruta 2-A: Clásico Diseñada,600,600,0
2026-01-20 00:21:14,2026-01-21,Ruta 2-B: Terraza Inferior,100,100,0
2026-01-20 00:21:14,2026-01-21,Ruta 3-A: Montaña Waynapicchu,50,50,0
2026-01-20 00:21:14,2026-01-21,Ruta 3-B: Realeza diseñada,100,100,0
2026-01-20 00:50:55,2026-01-21,Ruta 1-A: Montaña Machupicchu,50,50,0
2026-01-20 00:50:55,2026-01-21,Ruta 1-B: Terraza superior,100,100,0
2026-01-20 00:50:55,2026-01-21,Ruta 2-A: Clásico Diseñada,600,600,0
2026-01-20 00:50:55,2026-01-21,Ruta 2-B: Terraza Inferior,100,100,0
2026-01-20 00:50:55,2026-01-21,Ruta 3-A: Montaña Waynapicchu,50,50,0
2026-01-20 00:50:55,2026-01-21,Ruta 3-B: Realeza diseñada,100,100,0
2026-01-20 01:21:06,2026-01-21,Ruta 1-A: Montaña Machupicchu,50,50,0
2026-01-20 01:21:06,2026-01-21,Ruta 1-B: Terraza superior,100,100,0
2026-01-20 01:21:06,2026-01-21,Ruta 2-A: Clásico Diseñada,600,600,0
2026-01-20 01:21:06,2026-01-21,Ruta 2-B: Terraza Inferior,100,100,0
2026-01-20 01:21:06,2026-01-21,Ruta 3-A: Montaña Waynapicchu,50,50,0
2026-01-20 01:21:06,2026-01-21,Ruta 3-B: Realeza diseñada,100,100,0
2026-01-20 01:56:26,2026-01-21,Ruta 1-A: Montaña Machupicchu,50,50,0
2026-01-20 01:56:26,2026-01-21,Ruta 1-B: Terraza superior,100,100,0
2026-01-20 01:56:26,2026-01-21,Ruta 2-A: Clásico Diseñada,600,600,0
2026-01-20 01:56:26,2026-01-21,Ruta 2-B: Terraza Inferior,100,100,0
2026-01-20 01:56:26,2026-01-21,Ruta 3-A: Montaña Waynapicchu,50,50,0
2026-01-20 01:56:26,2026-01-21,Ruta 3-B: Realeza diseñada,100,100,0
2026-01-20 02:21:05,2026-01-21,Ruta 1-A: Montaña Machupicchu,50,50,0
2026-01-20 02:21:05,2026-01-21,Ruta 1-B: Terraza superior,100,100,0
2026-01-20 02:21:05,2026-01-21,Ruta 2-A: Clásico Diseñada,600,600,0
2026-01-20 02:21:05,2026-01-21,Ruta 2-B: Terraza Inferior,100,100,0
2026-01-20 02:21:05,2026-01-21,Ruta 3-A: Montaña Waynapicchu,50,50,0
2026-01-20 02:21:05,2026-01-21,Ruta 3-B: Realeza diseñada,100,100,0
2026-01-20 02:49:06,2026-01-21,Ruta 1-A: Montaña Machupicchu,50,50,0
2026-01-20 02:49:06,2026-01-21,Ruta 1-B: Terraza superior,100,100,0
2026-01-20 02:49:06,2026-01-21,Ruta 2-A: Clásico Diseñada,600,600,0
2026-01-20 02:49:06,2026-01-21,Ruta 2-B: Terraza Inferior,100,100,0
2026-01-20 02:49:06,2026-01-21,Ruta 3-A: Montaña Waynapicchu,50,50,0
2026-01-20 02:49:06,2026-01-21,Ruta 3-B: Realeza diseñada,100,100,0
2026-01-20 03:20:44,2026-01-21,Ruta 1-A: Montaña Machupicchu,50,50,0
2026-01-20 03:20:44,2026-01-21,Ruta 1-B: Terraza superior,100,100,0
2026-01-20 03:20:44,2026-01-21,Ruta 2-A: Clásico Diseñada,600,600,0
2026-01-20 03:20:44,2026-01-21,Ruta 2-B: Terraza Inferior,100,100,0
2026-01-20 03:20:44,2026-01-21,Ruta 3-A: Montaña Waynapicchu,50,50,0
2026-01-20 03:20:44,2026-01-21,Ruta 3-B: Realeza diseñada,100,100,0
2026-01-20 03:53:15,2026-01-21,Ruta 1-A: Montaña Machupicchu,50,50,0
2026-01-20 03:53:15,2026-01-21,Ruta 1-B: Terraza superior,100,100,0
2026-01-20 03:53:15,2026-01-21,Ruta 2-A: Clásico Diseñada,600,600,0
2026-01-20 03:53:15,2026-01-21,Ruta 2-B: Terraza Inferior,100,100,0
2026-01-20 03:53:15,2026-01-21,Ruta 3-A: Montaña Waynapicchu,50,50,0
2026-01-20 03:53:15,2026-01-21,Ruta 3-B: Realeza diseñada,100,100,0
2026-01-20 04:21:34,2026-01-21,Ruta 1-A: Montaña Machupicchu,50,50,0
2026-01-20 04:21:34,2026-01-21,Ruta 1-B: Terraza superior,100,100,0
2026-01-20 04:21:34,2026-01-21,Ruta 2-A: Clásico Diseñada,600,600,0
2026-01-20 04:21:34,2026-01-21,Ruta 2-B: Terraza Inferior,100,100,0
2026-01-20 04:21:34,2026-01-21,Ruta 3-A: Montaña Waynapicchu,50,50,0
2026-01-20 04:21:34,2026-01-21,Ruta 3-B: Realeza diseñada,100,100,0
2026-01-20 04:51:28,2026-01-21,Ruta 1-A: Montaña Machupicchu,50,50,0
2026-01-20 04:51:28,2026-01-21,Ruta 1-B: Terraza superior,100,100,0
2026-01-20 04:51:28,2026-01-21,Ruta 2-A: Clásico Diseñada,600,600,0
2026-01-20 04:51:28,2026-01-21,Ruta 2-B: Terraza Inferior,100,100,0
2026-01-20 04:51:28,2026-01-21,Ruta 3-A: Montaña Waynapicchu,50,50,0
2026-01-20 04:51:28,2026-01-21,Ruta 3-B: Realeza diseñada,100,100,0
2026-01-20 05:20:50,2026-01-21,Ruta 1-A: Montaña Machupicchu,50,50,0
2026-01-20 05:20:50,2026-01-21,Ruta 1-B: Terraza superior,100,100,0
2026-01-20 05:20:50,2026-01-21,Ruta 2-A: Clásico Diseñada,600,600,0
2026-01-20 05:20:50,2026-01-21,Ruta 2-B: Terraza Inferior,100,100,0
2026-01-20 05:20:50,2026-01-21,Ruta 3-A: Montaña Waynapicchu,50,50,0
2026-01-20 05:20:50,2026-01-21,Ruta 3-B: Realeza diseñada,100,100,0
2026-01-20 05:51:37,2026-01-21,Ruta 1-A: Montaña Machupicchu,50,50,0
2026-01-20 05:51:37,2026-01-21,Ruta 1-B: Terraza superior,100,100,0
2026-01-20 05:51:37,2026-01-21,Ruta 2-A: Clásico Diseñada,600,600,0
2026-01-20 05:51:37,2026-01-21,Ruta 2-B: Terraza Inferior,100,100,0
2026-01-20 05:51:37,2026-01-21,Ruta 3-A: Montaña Waynapicchu,50,50,0
2026-01-20 05:51:37,2026-01-21,Ruta 3-B: Realeza diseñada,100,100,0
2026-01-20 06:20:08,2026-01-21,Ruta 1-A: Montaña Machupicchu,50,50,0
2026-01-20 06:20:08,2026-01-21,Ruta 1-B: Terraza superior,100,100,0
2026-01-20 06:20:08,2026-01-21,Ruta 2-A: Clásico Diseñada,600,587,13
2026-01-20 06:20:08,2026-01-21,Ruta 2-B: Terraza Inferior,100,100,0
2026-01-20 06:20:08,2026-01-21,Ruta 3-A: Montaña Waynapicchu,50,50,0
2026-01-20 06:20:08,2026-01-21,Ruta 3-B: Realeza diseñada,100,100,0
2026-01-20 06:47:58,2026-01-21,Ruta 1-A: Montaña Machupicchu,50,50,0
2026-01-20 06:47:58,2026-01-21,Ruta 1-B: Terraza superior,100,100,0
2026-01-20 06:47:58,2026-01-21,Ruta 2-A: Clásico Diseñada,600,573,27
2026-01-20 06:47:58,2026-01-21,Ruta 2-B: Terraza Inferior,100,100,0
2026-01-20 06:47:58,2026-01-21,Ruta 3-A: Montaña Waynapicchu,50,48,2
2026-01-20 06:47:58,2026-01-21,Ruta 3-B: Realeza diseñada,100,100,0
2026-01-20 07:21:34,2026-01-21,Ruta 1-A: Montaña Machupicchu,50,50,0
2026-01-20 07:21:34,2026-01-21,Ruta 1-B: Terraza superior,100,100,0
2026-01-20 07:21:34,2026-01-21,Ruta 2-A: Clásico Diseñada,600,521,79
2026-01-20 07:21:34,2026-01-21,Ruta 2-B: Terraza Inferior,100,100,0
2026-01-20 07:21:34,2026-01-21,Ruta 3-A: Montaña Waynapicchu,50,48,2
2026-01-20 07:21:34,2026-01-21,Ruta 3-B: Realeza diseñada,100,100,0
2026-01-20 08:03:17,2026-01-21,Ruta 1-A: Montaña Machupicchu,50,50,0
2026-01-20 08:03:17,2026-01-21,Ruta 1-B: Terraza superior,100,100,0
2026-01-20 08:03:17,2026-01-21,Ruta 2-A: Clásico Diseñada,600,456,144
2026-01-20 08:03:17,2026-01-21,Ruta 2-B: Terraza Inferior,100,95,5
2026-01-20 08:03:17,2026-01-21,Ruta 3-A: Montaña Waynapicchu,50,46,4
2026-01-20 08:03:17,2026-01-21,Ruta 3-B: Realeza diseñada,100,100,0
2026-01-20 08:30:48,2026-01-21,Ruta 1-A: Montaña Machupicchu,50,50,0
2026-01-20 08:30:48,2026-01-21,Ruta 1-B: Terraza superior,100,100,0
2026-01-20 08:30:48,2026-01-21,Ruta 2-A: Clásico Diseñada,600,454,146
2026-01-20 08:30:48,2026-01-21,Ruta 2-B: Terraza Inferior,100,95,5
2026-01-20 08:30:48,2026-01-21,Ruta 3-A: Montaña Waynapicchu,50,46,4
2026-01-20 08:30:48,2026-01-21,Ruta 3-B: Realeza diseñada,100,100,0
2026-01-20 08:56:33,2026-01-21,Ruta 1-A: Montaña Machupicchu,50,50,0
2026-01-20 08:56:33,2026-01-21,Ruta 1-B: Terraza superior,100,100,0
2026-01-20 08:56:33,2026-01-21,Ruta 2-A: Clásico Diseñada,600,436,164
2026-01-20 08:56:33,2026-01-21,Ruta 2-B: Terraza Inferior,100,95,5
2026-01-20 08:56:33,2026-01-21,Ruta 3-A: Montaña Waynapicchu,50,46,4
2026-01-20 08:56:33,2026-01-21,Ruta 3-B: Realeza diseñada,100,100,0
2026-01-20 09:21:57,2026-01-21,Ruta 1-A: Montaña Machupicchu,50,50,0
2026-01-20 09:21:57,2026-01-21,Ruta 1-B: Terraza superior,100,100,0
2026-01-20 09:21:57,2026-01-21,Ruta 2-A: Clásico Diseñada,600,424,176
2026-01-20 09:21:57,2026-01-21,Ruta 2-B: Terraza Inferior,100,95,5
2026-01-20 09:21:57,2026-01-21,Ruta 3-A: Montaña Waynapicchu,50,46,4
2026-01-20 09:21:57,2026-01-21,Ruta 3-B: Realeza diseñada,100,100,0
2026-01-20 09:53:41,2026-01-21,Ruta 1-A: Montaña Machupicchu,50,50,0
2026-01-20 09:53:41,2026-01-21,Ruta 1-B: Terraza superior,100,100,0
2026-01-20 09:53:41,2026-01-21,Ruta 2-A: Clásico Diseñada,600,420,180
2026-01-20 09:53:41,2026-01-21,Ruta 2-B: Terraza Inferior,100,95,5
2026-01-20 09:53:41,2026-01-21,Ruta 3-A: Montaña Waynapicchu,50,46,4
2026-01-20 09:53:41,2026-01-21,Ruta 3-B: Realeza diseñada,100,100,0
2026-01-20 10:21:11,2026-01-21,Ruta 1-A: Montaña Machupicchu,50,50,0
2026-01-20 10:21:11,2026-01-21,Ruta 1-B: Terraza superior,100,100,0
2026-01-20 10:21:11,2026-01-21,Ruta 2-A: Clásico Diseñada,600,397,203
2026-01-20 10:21:11,2026-01-21,Ruta 2-B: Terraza Inferior,100,95,5
2026-01-20 10:21:11,2026-01-21,Ruta 3-A: Montaña Waynapicchu,50,46,4
2026-01-20 10:21:11,2026-01-21,Ruta 3-B: Realeza diseñada,100,100,0
2026-01-20 10:51:56,2026-01-21,Ruta 1-A: Montaña Machupicchu,50,50,0
2026-01-20 10:51:56,2026-01-21,Ruta 1-B: Terraza superior,100,100,0
2026-01-20 10:51:56,2026-01-21,Ruta 2-A: Clásico Diseñada,600,375,225
2026-01-20 10:51:56,2026-01-21,Ruta 2-B: Terraza Inferior,100,95,5
2026-01-20 10:51:56,2026-01-21,Ruta 3-A: Montaña Waynapicchu,50,46,4
2026-01-20 10:51:56,2026-01-21,Ruta 3-B: Realeza diseñada,100,100,0
2026-01-20 11:21:22,2026-01-21,Ruta 1-A: Montaña Machupicchu,50,50,0
2026-01-20 11:21:22,2026-01-21,Ruta 1-B: Terraza superior,100,100,0
2026-01-20 11:21:22,2026-01-21,Ruta 2-A: Clásico Diseñada,600,371,229
2026-01-20 11:21:22,2026-01-21,Ruta 2-B: Terraza Inferior,100,91,9
2026-01-20 11:21:22,2026-01-21,Ruta 3-A: Montaña Waynapicchu,50,46,4
2026-01-20 11:21:22,2026-01-21,Ruta 3-B: Realeza diseñada,100,100,0
2026-01-20 11:54:10,2026-01-21,Ruta 1-A: Montaña Machupicchu,50,50,0
2026-01-20 11:54:10,2026-01-21,Ruta 1-B: Terraza superior,100,100,0
2026-01-20 11:54:10,2026-01-21,Ruta 2-A: Clásico Diseñada,600,371,229
2026-01-20 11:54:10,2026-01-21,Ruta 2-B: Terraza Inferior,100,91,9
2026-01-20 11:54:10,2026-01-21,Ruta 3-A: Montaña Waynapicchu,50,44,6
2026-01-20 11:54:10,2026-01-21,Ruta 3-B: Realeza diseñada,100,100,0
2026-01-20 12:21:21,2026-01-21,Ruta 1-A: Montaña Machupicchu,50,50,0
2026-01-20 12:21:21,2026-01-21,Ruta 1-B: Terraza superior,100,100,0
2026-01-20 12:21:21,2026-01-21,Ruta 2-A: Clásico Diseñada,600,361,239
2026-01-20 12:21:21,2026-01-21,Ruta 2-B: Terraza Inferior,100,91,9
2026-01-20 12:21:21,2026-01-21,Ruta 3-A: Montaña Waynapicchu,50,44,6
2026-01-20 12:21:21,2026-01-21,Ruta 3-B: Realeza diseñada,100,100,0
2026-01-20 12:21:30,2026-01-21,Ruta 1-A: Montaña Machupicchu,50,50,0
2026-01-20 12:21:30,2026-01-21,Ruta 1-B: Terraza superior,100,100,0
2026-01-20 12:21:30,2026-01-21,Ruta 2-A: Clásico Diseñada,600,361,239
2026-01-20 12:21:30,2026-01-21,Ruta 2-B: Terraza Inferior,100,91,9
2026-01-20 12:21:30,2026-01-21,Ruta 3-A: Montaña Waynapicchu,50,44,6
2026-01-20 12:21:30,2026-01-21,Ruta 3-B: Realeza diseñada,100,100,0
2026-01-20 12:51:32,2026-01-21,Ruta 1-A: Montaña Machupicchu,50,50,0
2026-01-20 12:51:32,2026-01-21,Ruta 1-B: Terraza superior,100,100,0
2026-01-20 12:51:32,2026-01-21,Ruta 2-A: Clásico Diseñada,600,356,244
2026-01-20 12:51:32,2026-01-21,Ruta 2-B: Terraza Inferior,100,91,9
2026-01-20 12:51:32,2026-01-21,Ruta 3-A: Montaña Waynapicchu,50,44,6
2026-01-20 12:51:32,2026-01-21,Ruta 3-B: Realeza diseñada,100,98,2
2026-01-20 13:21:18,2026-01-21,Ruta 1-A: Montaña Machupicchu,50,50,0
2026-01-20 13:21:18,2026-01-21,Ruta 1-B: Terraza superior,100,100,0
2026-01-20 13:21:18,2026-01-21,Ruta 2-A: Clásico Diseñada,600,345,255
2026-01-20 13:21:18,2026-01-21,Ruta 2-B: Terraza Inferior,100,91,9
2026-01-20 13:21:18,2026-01-21,Ruta 3-A: Montaña Waynapicchu,50,44,6
2026-01-20 13:21:18,2026-01-21,Ruta 3-B: Realeza diseñada,100,98,2
2026-01-20 14:04:46,2026-01-21,Ruta 1-A: Montaña Machupicchu,50,50,0
2026-01-20 14:04:46,2026-01-21,Ruta 1-B: Terraza superior,100,100,0
2026-01-20 14:04:46,2026-01-21,Ruta 2-A: Clásico Diseñada,600,316,284
2026-01-20 14:04:46,2026-01-21,Ruta 2-B: Terraza Inferior,100,86,14
2026-01-20 14:04:46,2026-01-21,Ruta 3-A: Montaña Waynapicchu,50,44,6
2026-01-20 14:04:46,2026-01-21,Ruta 3-B: Realeza diseñada,100,98,2
2026-01-20 14:38:20,2026-01-21,Ruta 1-A: Montaña Machupicchu,50,50,0
2026-01-20 14:38:20,2026-01-21,Ruta 1-B: Terraza superior,100,100,0
2026-01-20 14:38:20,2026-01-21,Ruta 2-A: Clásico Diseñada,600,279,321
2026-01-20 14:38:20,2026-01-21,Ruta 2-B: Terraza Inferior,100,70,30
2026-01-20 14:38:20,2026-01-21,Ruta 3-A: Montaña Waynapicchu,50,44,6
2026-01-20 14:38:20,2026-01-21,Ruta 3-B: Realeza diseñada,100,98,2
2026-01-20 15:06:23,2026-01-21,Ruta 1-A: Montaña Machupicchu,50,50,0
2026-01-20 15:06:23,2026-01-21,Ruta 1-B: Terraza superior,100,100,0
2026-01-20 15:06:23,2026-01-21,Ruta 2-A: Clásico Diseñada,600,254,346
2026-01-20 15:06:23,2026-01-21,Ruta 2-B: Terraza Inferior,100,62,38
2026-01-20 15:06:23,2026-01-21,Ruta 3-A: Montaña Waynapicchu,50,42,8
2026-01-20 15:06:23,2026-01-21,Ruta 3-B: Realeza diseñada,100,96,4
2026-01-20 15:32:43,2026-01-21,Ruta 1-A: Montaña Machupicchu,50,50,0
2026-01-20 15:32:43,2026-01-21,Ruta 1-B: Terraza superior,100,100,0
2026-01-20 15:32:43,2026-01-21,Ruta 2-A: Clásico Diseñada,600,240,360
2026-01-20 15:32:43,2026-01-21,Ruta 2-B: Terraza Inferior,100,37,63
2026-01-20 15:32:43,2026-01-21,Ruta 3-A: Montaña Waynapicchu,50,42,8
2026-01-20 15:32:43,2026-01-21,Ruta 3-B: Realeza diseñada,100,96,4
2026-01-20 15:51:48,2026-01-21,Ruta 1-A: Montaña Machupicchu,50,50,0
2026-01-20 15:51:48,2026-01-21,Ruta 1-B: Terraza superior,100,100,0
2026-01-20 15:51:48,2026-01-21,Ruta 2-A: Clásico Diseñada,600,218,382
2026-01-20 15:51:48,2026-01-21,Ruta 2-B: Terraza Inferior,100,35,65
2026-01-20 15:51:48,2026-01-21,Ruta 3-A: Montaña Waynapicchu,50,40,10
2026-01-20 15:51:48,2026-01-21,Ruta 3-B: Realeza diseñada,100,90,10
2026-01-20 16:16:37,2026-01-21,Ruta 1-A: Montaña Machupicchu,50,50,0
2026-01-20 16:16:37,2026-01-21,Ruta 1-B: Terraza superior,100,97,3
2026-01-20 16:16:37,2026-01-21,Ruta 2-A: Clásico Diseñada,600,200,400
2026-01-20 16:16:37,2026-01-21,Ruta 2-B: Terraza Inferior,100,35,65
2026-01-20 16:16:37,2026-01-21,Ruta 3-A: Montaña Waynapicchu,50,39,11
2026-01-20 16:16:37,2026-01-21,Ruta 3-B: Realeza diseñada,100,82,18
2026-01-20 16:19:39,2026-01-21,Ruta 1-A: Montaña Machupicchu,50,50,0
2026-01-20 16:19:39,2026-01-21,Ruta 1-B: Terraza superior,100,97,3
2026-01-20 16:19:39,2026-01-21,Ruta 2-A: Clásico Diseñada,600,198,402
2026-01-20 16:19:39,2026-01-21,Ruta 2-B: Terraza Inferior,100,35,65
2026-01-20 16:19:39,2026-01-21,Ruta 3-A: Montaña Waynapicchu,50,39,11
2026-01-20 16:19:39,2026-01-21,Ruta 3-B: Realeza diseñada,100,82,18
2026-01-20 16:35:49,2026-01-21,Ruta 1-A: Montaña Machupicchu,50,50,0
2026-01-20 16:35:49,2026-01-21,Ruta 1-B: Terraza superior,100,97,3
2026-01-20 16:35:49,2026-01-21,Ruta 2-A: Clásico Diseñada,600,193,407
2026-01-20 16:35:49,2026-01-21,Ruta 2-B: Terraza Inferior,100,34,66
2026-01-20 16:35:49,2026-01-21,Ruta 3-A: Montaña Waynapicchu,50,39,11
2026-01-20 16:35:49,2026-01-21,Ruta 3-B: Realeza diseñada,100,82,18
2026-01-20 16:45:15,2026-01-21,Ruta 1-A: Montaña Machupicchu,50,50,0
2026-01-20 16:45:15,2026-01-21,Ruta 1-B: Terraza superior,100,97,3
2026-01-20 16:45:15,2026-01-21,Ruta 2-A: Clásico Diseñada,600,193,407
2026-01-20 16:45:15,2026-01-21,Ruta 2-B: Terraza Inferior,100,34,66
2026-01-20 16:45:15,2026-01-21,Ruta 3-A: Montaña Waynapicchu,50,39,11
2026-01-20 16:45:15,2026-01-21,Ruta 3-B: Realeza diseñada,100,82,18
2026-01-20 16:52:24,2026-01-21,Ruta 1-A: Montaña Machupicchu,50,50,0
2026-01-20 16:52:24,2026-01-21,Ruta 1-B: Terraza superior,100,97,3
2026-01-20 16:52:24,2026-01-21,Ruta 2-A: Clásico Diseñada,600,190,410
2026-01-20 16:52:24,2026-01-21,Ruta 2-B: Terraza Inferior,100,34,66
2026-01-20 16:52:24,2026-01-21,Ruta 3-A: Montaña Waynapicchu,50,39,11
2026-01-20 16:52:24,2026-01-21,Ruta 3-B: Realeza diseñada,100,76,24
2026-01-20 16:59:23,2026-01-21,Ruta 1-A: Montaña Machupicchu,50,50,0
2026-01-20 16:59:23,2026-01-21,Ruta 1-B: Terraza superior,100,97,3
2026-01-20 16:59:23,2026-01-21,Ruta 2-A: Clásico Diseñada,600,190,410
2026-01-20 16:59:23,2026-01-21,Ruta 2-B: Terraza Inferior,100,34,66
2026-01-20 16:59:23,2026-01-21,Ruta 3-A: Montaña Waynapicchu,50,39,11
2026-01-20 16:59:23,2026-01-21,Ruta 3-B: Realeza diseñada,100,75,25
2026-01-20 17:11:09,2026-01-21,Ruta 1-A: Montaña Machupicchu,50,50,0
2026-01-20 17:11:09,2026-01-21,Ruta 1-B: Terraza superior,100,97,3
2026-01-20 17:11:09,2026-01-21,Ruta 2-A: Clásico Diseñada,600,178,422
2026-01-20 17:11:09,2026-01-21,Ruta 2-B: Terraza Inferior,100,34,66
2026-01-20 17:11:09,2026-01-21,Ruta 3-A: Montaña Waynapicchu,50,39,11
2026-01-20 17:11:09,2026-01-21,Ruta 3-B: Realeza diseñada,100,75,25
2026-01-20 17:24:31,2026-01-21,Ruta 1-A: Montaña Machupicchu,50,50,0
2026-01-20 17:24:31,2026-01-21,Ruta 1-B: Terraza superior,100,97,3
2026-01-20 17:24:31,2026-01-21,Ruta 2-A: Clásico Diseñada,600,172,428
2026-01-20 17:24:31,2026-01-21,Ruta 2-B: Terraza Inferior,100,34,66
2026-01-20 17:24:31,2026-01-21,Ruta 3-A: Montaña Waynapicchu,50,39,11
2026-01-20 17:24:31,2026-01-21,Ruta 3-B: Realeza diseñada,100,75,25
2026-01-20 17:37:24,2026-01-21,Ruta 1-A: Montaña Machupicchu,50,50,0
2026-01-20 17:37:24,2026-01-21,Ruta 1-B: Terraza superior,100,97,3
2026-01-20 17:37:24,2026-01-21,Ruta 2-A: Clásico Diseñada,600,156,444
2026-01-20 17:37:24,2026-01-21,Ruta 2-B: Terraza Inferior,100,34,66
2026-01-20 17:37:24,2026-01-21,Ruta 3-A: Montaña Waynapicchu,50,38,12
2026-01-20 17:37:24,2026-01-21,Ruta 3-B: Realeza diseñada,100,75,25
2026-01-20 17:47:22,2026-01-21,Ruta 1-A: Montaña Machupicchu,50,50,0
2026-01-20 17:47:22,2026-01-21,Ruta 1-B: Terraza superior,100,97,3
2026-01-20 17:47:22,2026-01-21,Ruta 2-A: Clásico Diseñada,600,143,457
2026-01-20 17:47:22,2026-01-21,Ruta 2-B: Terraza Inferior,100,34,66
2026-01-20 17:47:22,2026-01-21,Ruta 3-A: Montaña Waynapicchu,50,38,12
2026-01-20 17:47:22,2026-01-21,Ruta 3-B: Realeza diseñada,100,75,25
2026-01-20 17:54:50,2026-01-21,Ruta 1-A: Montaña Machupicchu,50,50,0
2026-01-20 17:54:50,2026-01-21,Ruta 1-B: Terraza superior,100,95,5
2026-01-20 17:54:50,2026-01-21,Ruta 2-A: Clásico Diseñada,600,131,469
2026-01-20 17:54:50,2026-01-21,Ruta 2-B: Terraza Inferior,100,34,66
2026-01-20 17:54:50,2026-01-21,Ruta 3-A: Montaña Waynapicchu,50,38,12
2026-01-20 17:54:50,2026-01-21,Ruta 3-B: Realeza diseñada,100,75,25
2026-01-20 18:03:08,2026-01-21,Ruta 1-A: Montaña Machupicchu,50,50,0
2026-01-20 18:03:08,2026-01-21,Ruta 1-B: Terraza superior,100,95,5
2026-01-20 18:03:08,2026-01-21,Ruta 2-A: Clásico Diseñada,600,131,469
2026-01-20 18:03:08,2026-01-21,Ruta 2-B: Terraza Inferior,100,34,66
2026-01-20 18:03:08,2026-01-21,Ruta 3-A: Montaña Waynapicchu,50,38,12
2026-01-20 18:03:08,2026-01-21,Ruta 3-B: Realeza diseñada,100,73,27
2026-01-20 18:14:30,2026-01-21,Ruta 1-A: Montaña Machupicchu,50,50,0
2026-01-20 18:14:30,2026-01-21,Ruta 1-B: Terraza superior,100,95,5
2026-01-20 18:14:30,2026-01-21,Ruta 2-A: Clásico Diseñada,600,124,476
2026-01-20 18:14:30,2026-01-21,Ruta 2-B: Terraza Inferior,100,34,66
2026-01-20 18:14:30,2026-01-21,Ruta 3-A: Montaña Waynapicchu,50,38,12
2026-01-20 18:14:30,2026-01-21,Ruta 3-B: Realeza diseñada,100,73,27
2026-01-20 18:28:40,2026-01-21,Ruta 1-A: Montaña Machupicchu,50,50,0
2026-01-20 18:28:40,2026-01-21,Ruta 1-B: Terraza superior,100,95,5
2026-01-20 18:28:40,2026-01-21,Ruta 2-A: Clásico Diseñada,600,122,478
2026-01-20 18:28:40,2026-01-21,Ruta 2-B: Terraza Inferior,100,31,69
2026-01-20 18:28:40,2026-01-21,Ruta 3-A: Montaña Waynapicchu,50,38,12
2026-01-20 18:28:40,2026-01-21,Ruta 3-B: Realeza diseñada,100,73,27
2026-01-20 18:40:13,2026-01-21,Ruta 1-A: Montaña Machupicchu,50,50,0
2026-01-20 18:40:13,2026-01-21,Ruta 1-B: Terraza superior,100,95,5
2026-01-20 18:40:13,2026-01-21,Ruta 2-A: Clásico Diseñada,600,122,478
2026-01-20 18:40:13,2026-01-21,Ruta 2-B: Terraza Inferior,100,29,71
2026-01-20 18:40:13,2026-01-21,Ruta 3-A: Montaña Waynapicchu,50,38,12
2026-01-20 18:40:13,2026-01-21,Ruta 3-B: Realeza diseñada,100,73,27
2026-01-20 18:49:44,2026-01-21,Ruta 1-A: Montaña Machupicchu,50,50,0
2026-01-20 18:49:44,2026-01-21,Ruta 1-B: Terraza superior,100,95,5
2026-01-20 18:49:44,2026-01-21,Ruta 2-A: Clásico Diseñada,600,122,478
2026-01-20 18:49:44,2026-01-21,Ruta 2-B: Terraza Inferior,100,29,71
2026-01-20 18:49:44,2026-01-21,Ruta 3-A: Montaña Waynapicchu,50,38,12
2026-01-20 18:49:44,2026-01-21,Ruta 3-B: Realeza diseñada,100,73,27
2026-01-20 18:57:18,2026-01-21,Ruta 1-A: Montaña Machupicchu,50,50,0
2026-01-20 18:57:18,2026-01-21,Ruta 1-B: Terraza superior,100,95,5
2026-01-20 18:57:18,2026-01-21,Ruta 2-A: Clásico Diseñada,600,122,478
2026-01-20 18:57:18,2026-01-21,Ruta 2-B: Terraza Inferior,100,28,72
2026-01-20 18:57:18,2026-01-21,Ruta 3-A: Montaña Waynapicchu,50,38,12
2026-01-20 18:57:18,2026-01-21,Ruta 3-B: Realeza diseñada,100,73,27
2026-01-20 19:33:09,2026-01-21,Ruta 1-A: Montaña Machupicchu,50,50,0
2026-01-20 19:33:09,2026-01-21,Ruta 1-B: Terraza superior,100,94,6
2026-01-20 19:33:09,2026-01-21,Ruta 2-A: Clásico Diseñada,600,112,488
2026-01-20 19:33:09,2026-01-21,Ruta 2-B: Terraza Inferior,100,22,78
2026-01-20 19:33:09,2026-01-21,Ruta 3-A: Montaña Waynapicchu,50,38,12
2026-01-20 19:33:09,2026-01-21,Ruta 3-B: Realeza diseñada,100,68,32
2026-01-20 19:59:48,2026-01-21,Ruta 1-A: Montaña Machupicchu,50,50,0
2026-01-20 19:59:48,2026-01-21,Ruta 1-B: Terraza superior,100,94,6
2026-01-20 19:59:48,2026-01-21,Ruta 2-A: Clásico Diseñada,600,112,488
2026-01-20 19:59:48,2026-01-21,Ruta 2-B: Terraza Inferior,100,22,78
2026-01-20 19:59:48,2026-01-21,Ruta 3-A: Montaña Waynapicchu,50,38,12
2026-01-20 19:59:48,2026-01-21,Ruta 3-B: Realeza diseñada,100,68,32
2026-01-20 20:39:31,2026-01-21,Ruta 1-A: Montaña Machupicchu,50,50,0
2026-01-20 20:39:31,2026-01-21,Ruta 1-B: Terraza superior,100,94,6
2026-01-20 20:39:31,2026-01-21,Ruta 2-A: Clásico Diseñada,600,112,488
2026-01-20 20:39:31,2026-01-21,Ruta 2-B: Terraza Inferior,100,22,78
2026-01-20 20:39:31,2026-01-21,Ruta 3-A: Montaña Waynapicchu,50,38,12
2026-01-20 20:39:31,2026-01-21,Ruta 3-B: Realeza diseñada,100,68,32
2026-01-20 21:30:01,2026-01-21,Ruta 1-A: Montaña Machupicchu,50,50,0
2026-01-20 21:30:01,2026-01-21,Ruta 1-B: Terraza superior,100,87,13
2026-01-20 21:30:01,2026-01-21,Ruta 2-A: Clásico Diseñada,600,93,507
2026-01-20 21:30:01,2026-01-21,Ruta 2-B: Terraza Inferior,100,22,78
2026-01-20 21:30:01,2026-01-21,Ruta 3-A: Montaña Waynapicchu,50,38,12
2026-01-20 21:30:01,2026-01-21,Ruta 3-B: Realeza diseñada,100,68,32
2026-01-20 21:30:11,2026-01-21,Ruta 1-A: Montaña Machupicchu,50,50,0
2026-01-20 21:30:11,2026-01-21,Ruta 1-B: Terraza superior,100,87,13
2026-01-20 21:30:11,2026-01-21,Ruta 2-A: Clásico Diseñada,600,93,507
2026-01-20 21:30:11,2026-01-21,Ruta 2-B: Terraza Inferior,100,22,78
2026-01-20 21:30:11,2026-01-21,Ruta 3-A: Montaña Waynapicchu,50,38,12
2026-01-20 21:30:11,2026-01-21,Ruta 3-B: Realeza diseñada,100,68,32
2026-01-20 22:04:49,2026-01-21,Ruta 1-A: Montaña Machupicchu,50,50,0
2026-01-20 22:04:49,2026-01-21,Ruta 1-B: Terraza superior,100,80,20
2026-01-20 22:04:49,2026-01-21,Ruta 2-A: Clásico Diseñada,600,59,541
2026-01-20 22:04:49,2026-01-21,Ruta 2-B: Terraza Inferior,100,17,83
2026-01-20 22:04:49,2026-01-21,Ruta 3-A: Montaña Waynapicchu,50,38,12
2026-01-20 22:04:49,2026-01-21,Ruta 3-B: Realeza diseñada,100,56,44
2026-01-20 22:04:59,2026-01-21,Ruta 1-A: Montaña Machupicchu,50,50,0
2026-01-20 22:04:59,2026-01-21,Ruta 1-B: Terraza superior,100,80,20
2026-01-20 22:04:59,2026-01-21,Ruta 2-A: Clásico Diseñada,600,59,541
2026-01-20 22:04:59,2026-01-21,Ruta 2-B: Terraza Inferior,100,17,83
2026-01-20 22:04:59,2026-01-21,Ruta 3-A: Montaña Waynapicchu,50,38,12
2026-01-20 22:04:59,2026-01-21,Ruta 3-B: Realeza diseñada,100,56,44
2026-01-20 22:51:09,2026-01-21,Ruta 1-A: Montaña Machupicchu,50,50,0
2026-01-20 22:51:09,2026-01-21,Ruta 1-B: Terraza superior,100,80,20
2026-01-20 22:51:09,2026-01-21,Ruta 2-A: Clásico Diseñada,600,59,541
2026-01-20 22:51:09,2026-01-21,Ruta 2-B: Terraza Inferior,100,17,83
2026-01-20 22:51:09,2026-01-21,Ruta 3-A: Montaña Waynapicchu,50,38,12
2026-01-20 22:51:09,2026-01-21,Ruta 3-B: Realeza diseñada,100,56,44
2026-01-20 22:51:20,2026-01-21,Ruta 1-A: Montaña Machupicchu,50,50,0
2026-01-20 22:51:20,2026-01-21,Ruta 1-B: Terraza superior,100,80,20
2026-01-20 22:51:20,2026-01-21,Ruta 2-A: Clásico Diseñada,600,59,541
2026-01-20 22:51:20,2026-01-21,Ruta 2-B: Terraza Inferior,100,17,83
2026-01-20 22:51:20,2026-01-21,Ruta 3-A: Montaña Waynapicchu,50,38,12
2026-01-20 22:51:20,2026-01-21,Ruta 3-B: Realeza diseñada,100,56,44
2026-01-20 23:14:03,2026-01-21,Ruta 1-A: Montaña Machupicchu,50,50,0
2026-01-20 23:14:03,2026-01-21,Ruta 1-B: Terraza superior,100,80,20
2026-01-20 23:14:03,2026-01-21,Ruta 2-A: Clásico Diseñada,600,59,541
2026-01-20 23:14:03,2026-01-21,Ruta 2-B: Terraza Inferior,100,17,83
2026-01-20 23:14:03,2026-01-21,Ruta 3-A: Montaña Waynapicchu,50,38,12
2026-01-20 23:14:03,2026-01-21,Ruta 3-B: Realeza diseñada,100,56,44
2026-01-20 23:14:14,2026-01-21,Ruta 1-A: Montaña Machupicchu,50,50,0
2026-01-20 23:14:14,2026-01-21,Ruta 1-B: Terraza superior,100,80,20
2026-01-20 23:14:14,2026-01-21,Ruta 2-A: Clásico Diseñada,600,59,541
2026-01-20 23:14:14,2026-01-21,Ruta 2-B: Terraza Inferior,100,17,83
2026-01-20 23:14:14,2026-01-21,Ruta 3-A: Montaña Waynapicchu,50,38,12
2026-01-20 23:14:14,2026-01-21,Ruta 3-B: Realeza diseñada,100,56,44
2026-01-20 23:35:28,2026-01-21,Ruta 1-A: Montaña Machupicchu,50,50,0
2026-01-20 23:35:28,2026-01-21,Ruta 1-B: Terraza superior,100,80,20
2026-01-20 23:35:28,2026-01-21,Ruta 2-A: Clásico Diseñada,600,59,541
2026-01-20 23:35:28,2026-01-21,Ruta 2-B: Terraza Inferior,100,17,83
2026-01-20 23:35:28,2026-01-21,Ruta 3-A: Montaña Waynapicchu,50,38,12
2026-01-20 23:35:28,2026-01-21,Ruta 3-B: Realeza diseñada,100,56,44
2026-01-20 23:35:39,2026-01-21,Ruta 1-A: Montaña Machupicchu,50,50,0
2026-01-20 23:35:39,2026-01-21,Ruta 1-B: Terraza superior,100,80,20
2026-01-20 23:35:39,2026-01-21,Ruta 2-A: Clásico Diseñada,600,59,541
2026-01-20 23:35:39,2026-01-21,Ruta 2-B: Terraza Inferior,100,17,83
2026-01-20 23:35:39,2026-01-21,Ruta 3-A: Montaña Waynapicchu,50,38,12
2026-01-20 23:35:39,2026-01-21,Ruta 3-B: Realeza diseñada,100,56,44
2026-01-21 00:01:35,2026-01-22,Ruta 1-A: Montaña Machupicchu,50,50,0
2026-01-21 00:01:35,2026-01-22,Ruta 1-B: Terraza superior,100,100,0
2026-01-21 00:01:35,2026-01-22,Ruta 2-A: Clásico Diseñada,600,600,0
2026-01-21 00:01:35,2026-01-22,Ruta 2-B: Terraza Inferior,100,100,0
2026-01-21 00:01:35,2026-01-22,Ruta 3-A: Montaña Waynapicchu,50,50,0
2026-01-21 00:01:35,2026-01-22,Ruta 3-B: Realeza diseñada,100,100,0
2026-01-21 00:01:45,2026-01-22,Ruta 1-A: Montaña Machupicchu,50,50,0
2026-01-21 00:01:45,2026-01-22,Ruta 1-B: Terraza superior,100,100,0
2026-01-21 00:01:45,2026-01-22,Ruta 2-A: Clásico Diseñada,600,600,0
2026-01-21 00:01:45,2026-01-22,Ruta 2-B: Terraza Inferior,100,100,0
2026-01-21 00:01:45,2026-01-22,Ruta 3-A: Montaña Waynapicchu,50,50,0
2026-01-21 00:01:45,2026-01-22,Ruta 3-B: Realeza diseñada,100,100,0
2026-01-21 00:18:06,2026-01-22,Ruta 1-A: Montaña Machupicchu,50,50,0
2026-01-21 00:18:06,2026-01-22,Ruta 1-B: Terraza superior,100,100,0
2026-01-21 00:18:06,2026-01-22,Ruta 2-A: Clásico Diseñada,600,600,0
2026-01-21 00:18:06,2026-01-22,Ruta 2-B: Terraza Inferior,100,100,0
2026-01-21 00:18:06,2026-01-22,Ruta 3-A: Montaña Waynapicchu,50,50,0
2026-01-21 00:18:06,2026-01-22,Ruta 3-B: Realeza diseñada,100,100,0
2026-01-21 00:18:17,2026-01-22,Ruta 1-A: Montaña Machupicchu,50,50,0
2026-01-21 00:18:17,2026-01-22,Ruta 1-B: Terraza superior,100,100,0
2026-01-21 00:18:17,2026-01-22,Ruta 2-A: Clásico Diseñada,600,600,0
2026-01-21 00:18:17,2026-01-22,Ruta 2-B: Terraza Inferior,100,100,0
2026-01-21 00:18:17,2026-01-22,Ruta 3-A: Montaña Waynapicchu,50,50,0
2026-01-21 00:18:17,2026-01-22,Ruta 3-B: Realeza diseñada,100,100,0
2026-01-21 00:36:55,2026-01-22,Ruta 1-A: Montaña Machupicchu,50,50,0
2026-01-21 00:36:55,2026-01-22,Ruta 1-B: Terraza superior,100,100,0
2026-01-21 00:36:55,2026-01-22,Ruta 2-A: Clásico Diseñada,600,600,0
2026-01-21 00:36:55,2026-01-22,Ruta 2-B: Terraza Inferior,100,100,0
2026-01-21 00:36:55,2026-01-22,Ruta 3-A: Montaña Waynapicchu,50,50,0
2026-01-21 00:36:55,2026-01-22,Ruta 3-B: Realeza diseñada,100,100,0
2026-01-21 00:37:05,2026-01-22,Ruta 1-A: Montaña Machupicchu,50,50,0
2026-01-21 00:37:05,2026-01-22,Ruta 1-B: Terraza superior,100,100,0
2026-01-21 00:37:05,2026-01-22,Ruta 2-A: Clásico Diseñada,600,600,0
2026-01-21 00:37:05,2026-01-22,Ruta 2-B: Terraza Inferior,100,100,0
2026-01-21 00:37:05,2026-01-22,Ruta 3-A: Montaña Waynapicchu,50,50,0
2026-01-21 00:37:05,2026-01-22,Ruta 3-B: Realeza diseñada,100,100,0
2026-01-21 00:56:19,2026-01-22,Ruta 1-A: Montaña Machupicchu,50,50,0
2026-01-21 00:56:19,2026-01-22,Ruta 1-B: Terraza superior,100,100,0
2026-01-21 00:56:19,2026-01-22,Ruta 2-A: Clásico Diseñada,600,600,0
2026-01-21 00:56:19,2026-01-22,Ruta 2-B: Terraza Inferior,100,100,0
2026-01-21 00:56:19,2026-01-22,Ruta 3-A: Montaña Waynapicchu,50,50,0
2026-01-21 00:56:19,2026-01-22,Ruta 3-B: Realeza diseñada,100,100,0
2026-01-21 00:56:29,2026-01-22,Ruta 1-A: Montaña Machupicchu,50,50,0
2026-01-21 00:56:29,2026-01-22,Ruta 1-B: Terraza superior,100,100,0
2026-01-21 00:56:29,2026-01-22,Ruta 2-A: Clásico Diseñada,600,600,0
2026-01-21 00:56:29,2026-01-22,Ruta 2-B: Terraza Inferior,100,100,0
2026-01-21 00:56:29,2026-01-22,Ruta 3-A: Montaña Waynapicchu,50,50,0
2026-01-21 00:56:29,2026-01-22,Ruta 3-B: Realeza diseñada,100,100,0
2026-01-21 01:17:17,2026-01-22,Ruta 1-A: Montaña Machupicchu,50,50,0
2026-01-21 01:17:17,2026-01-22,Ruta 1-B: Terraza superior,100,100,0
2026-01-21 01:17:17,2026-01-22,Ruta 2-A: Clásico Diseñada,600,600,0
2026-01-21 01:17:17,2026-01-22,Ruta 2-B: Terraza Inferior,100,100,0
2026-01-21 01:17:17,2026-01-22,Ruta 3-A: Montaña Waynapicchu,50,50,0
2026-01-21 01:17:17,2026-01-22,Ruta 3-B: Realeza diseñada,100,100,0
2026-01-21 01:17:27,2026-01-22,Ruta 1-A: Montaña Machupicchu,50,50,0
2026-01-21 01:17:27,2026-01-22,Ruta 1-B: Terraza superior,100,100,0
2026-01-21 01:17:27,2026-01-22,Ruta 2-A: Clásico Diseñada,600,600,0
2026-01-21 01:17:27,2026-01-22,Ruta 2-B: Terraza Inferior,100,100,0
2026-01-21 01:17:27,2026-01-22,Ruta 3-A: Montaña Waynapicchu,50,50,0
2026-01-21 01:17:27,2026-01-22,Ruta 3-B: Realeza diseñada,100,100,0
2026-01-21 01:37:12,2026-01-22,Ruta 1-A: Montaña Machupicchu,50,50,0
2026-01-21 01:37:12,2026-01-22,Ruta 1-B: Terraza superior,100,100,0
2026-01-21 01:37:12,2026-01-22,Ruta 2-A: Clásico Diseñada,600,600,0
2026-01-21 01:37:12,2026-01-22,Ruta 2-B: Terraza Inferior,100,100,0
2026-01-21 01:37:12,2026-01-22,Ruta 3-A: Montaña Waynapicchu,50,50,0
2026-01-21 01:37:12,2026-01-22,Ruta 3-B: Realeza diseñada,100,100,0
2026-01-21 01:37:23,2026-01-22,Ruta 1-A: Montaña Machupicchu,50,50,0
2026-01-21 01:37:23,2026-01-22,Ruta 1-B: Terraza superior,100,100,0
2026-01-21 01:37:23,2026-01-22,Ruta 2-A: Clásico Diseñada,600,600,0
2026-01-21 01:37:23,2026-01-22,Ruta 2-B: Terraza Inferior,100,100,0
2026-01-21 01:37:23,2026-01-22,Ruta 3-A: Montaña Waynapicchu,50,50,0
2026-01-21 01:37:23,2026-01-22,Ruta 3-B: Realeza diseñada,100,100,0
2026-01-21 02:01:40,2026-01-22,Ruta 1-A: Montaña Machupicchu,50,50,0
2026-01-21 02:01:40,2026-01-22,Ruta 1-B: Terraza superior,100,100,0
2026-01-21 02:01:40,2026-01-22,Ruta 2-A: Clásico Diseñada,600,600,0
2026-01-21 02:01:40,2026-01-22,Ruta 2-B: Terraza Inferior,100,100,0
2026-01-21 02:01:40,2026-01-22,Ruta 3-A: Montaña Waynapicchu,50,50,0
2026-01-21 02:01:40,2026-01-22,Ruta 3-B: Realeza diseñada,100,100,0
2026-01-21 02:01:50,2026-01-22,Ruta 1-A: Montaña Machupicchu,50,50,0
2026-01-21 02:01:50,2026-01-22,Ruta 1-B: Terraza superior,100,100,0
2026-01-21 02:01:50,2026-01-22,Ruta 2-A: Clásico Diseñada,600,600,0
2026-01-21 02:01:50,2026-01-22,Ruta 2-B: Terraza Inferior,100,100,0
2026-01-21 02:01:50,2026-01-22,Ruta 3-A: Montaña Waynapicchu,50,50,0
2026-01-21 02:01:50,2026-01-22,Ruta 3-B: Realeza diseñada,100,100,0
2026-01-21 02:17:41,2026-01-22,Ruta 1-A: Montaña Machupicchu,50,50,0
2026-01-21 02:17:41,2026-01-22,Ruta 1-B: Terraza superior,100,100,0
2026-01-21 02:17:41,2026-01-22,Ruta 2-A: Clásico Diseñada,600,600,0
2026-01-21 02:17:41,2026-01-22,Ruta 2-B: Terraza Inferior,100,100,0
2026-01-21 02:17:41,2026-01-22,Ruta 3-A: Montaña Waynapicchu,50,50,0
2026-01-21 02:17:41,2026-01-22,Ruta 3-B: Realeza diseñada,100,100,0
2026-01-21 02:17:51,2026-01-22,Ruta 1-A: Montaña Machupicchu,50,50,0
2026-01-21 02:17:51,2026-01-22,Ruta 1-B: Terraza superior,100,100,0
2026-01-21 02:17:51,2026-01-22,Ruta 2-A: Clásico Diseñada,600,600,0
2026-01-21 02:17:51,2026-01-22,Ruta 2-B: Terraza Inferior,100,100,0
2026-01-21 02:17:51,2026-01-22,Ruta 3-A: Montaña Waynapicchu,50,50,0
2026-01-21 02:17:51,2026-01-22,Ruta 3-B: Realeza diseñada,100,100,0
2026-01-21 02:36:38,2026-01-22,Ruta 1-A: Montaña Machupicchu,50,50,0
2026-01-21 02:36:38,2026-01-22,Ruta 1-B: Terraza superior,100,100,0
2026-01-21 02:36:38,2026-01-22,Ruta 2-A: Clásico Diseñada,600,600,0
2026-01-21 02:36:38,2026-01-22,Ruta 2-B: Terraza Inferior,100,100,0
2026-01-21 02:36:38,2026-01-22,Ruta 3-A: Montaña Waynapicchu,50,50,0
2026-01-21 02:36:38,2026-01-22,Ruta 3-B: Realeza diseñada,100,100,0
2026-01-21 02:36:48,2026-01-22,Ruta 1-A: Montaña Machupicchu,50,50,0
2026-01-21 02:36:48,2026-01-22,Ruta 1-B: Terraza superior,100,100,0
2026-01-21 02:36:48,2026-01-22,Ruta 2-A: Clásico Diseñada,600,600,0
2026-01-21 02:36:48,2026-01-22,Ruta 2-B: Terraza Inferior,100,100,0
2026-01-21 02:36:48,2026-01-22,Ruta 3-A: Montaña Waynapicchu,50,50,0
2026-01-21 02:36:48,2026-01-22,Ruta 3-B: Realeza diseñada,100,100,0
2026-01-21 02:55:30,2026-01-22,Ruta 1-A: Montaña Machupicchu,50,50,0
2026-01-21 02:55:30,2026-01-22,Ruta 1-B: Terraza superior,100,100,0
2026-01-21 02:55:30,2026-01-22,Ruta 2-A: Clásico Diseñada,600,600,0
2026-01-21 02:55:30,2026-01-22,Ruta 2-B: Terraza Inferior,100,100,0
2026-01-21 02:55:30,2026-01-22,Ruta 3-A: Montaña Waynapicchu,50,50,0
2026-01-21 02:55:30,2026-01-22,Ruta 3-B: Realeza diseñada,100,100,0
2026-01-21 02:55:41,2026-01-22,Ruta 1-A: Montaña Machupicchu,50,50,0
2026-01-21 02:55:41,2026-01-22,Ruta 1-B: Terraza superior,100,100,0
2026-01-21 02:55:41,2026-01-22,Ruta 2-A: Clásico Diseñada,600,600,0
2026-01-21 02:55:41,2026-01-22,Ruta 2-B: Terraza Inferior,100,100,0
2026-01-21 02:55:41,2026-01-22,Ruta 3-A: Montaña Waynapicchu,50,50,0
2026-01-21 02:55:41,2026-01-22,Ruta 3-B: Realeza diseñada,100,100,0
2026-01-21 03:15:23,2026-01-22,Ruta 1-A: Montaña Machupicchu,50,50,0
2026-01-21 03:15:23,2026-01-22,Ruta 1-B: Terraza superior,100,100,0
2026-01-21 03:15:23,2026-01-22,Ruta 2-A: Clásico Diseñada,600,600,0
2026-01-21 03:15:23,2026-01-22,Ruta 2-B: Terraza Inferior,100,100,0
2026-01-21 03:15:23,2026-01-22,Ruta 3-A: Montaña Waynapicchu,50,50,0
2026-01-21 03:15:23,2026-01-22,Ruta 3-B: Realeza diseñada,100,100,0
2026-01-21 03:15:33,2026-01-22,Ruta 1-A: Montaña Machupicchu,50,50,0
2026-01-21 03:15:33,2026-01-22,Ruta 1-B: Terraza superior,100,100,0
2026-01-21 03:15:33,2026-01-22,Ruta 2-A: Clásico Diseñada,600,600,0
2026-01-21 03:15:33,2026-01-22,Ruta 2-B: Terraza Inferior,100,100,0
2026-01-21 03:15:33,2026-01-22,Ruta 3-A: Montaña Waynapicchu,50,50,0
2026-01-21 03:15:33,2026-01-22,Ruta 3-B: Realeza diseñada,100,100,0
2026-01-21 03:34:25,2026-01-22,Ruta 1-A: Montaña Machupicchu,50,50,0
2026-01-21 03:34:25,2026-01-22,Ruta 1-B: Terraza superior,100,100,0
2026-01-21 03:34:25,2026-01-22,Ruta 2-A: Clásico Diseñada,600,600,0
2026-01-21 03:34:25,2026-01-22,Ruta 2-B: Terraza Inferior,100,100,0
2026-01-21 03:34:25,2026-01-22,Ruta 3-A: Montaña Waynapicchu,50,50,0
2026-01-21 03:34:25,2026-01-22,Ruta 3-B: Realeza diseñada,100,100,0
2026-01-21 03:34:36,2026-01-22,Ruta 1-A: Montaña Machupicchu,50,50,0
2026-01-21 03:34:36,2026-01-22,Ruta 1-B: Terraza superior,100,100,0
2026-01-21 03:34:36,2026-01-22,Ruta 2-A: Clásico Diseñada,600,600,0
2026-01-21 03:34:36,2026-01-22,Ruta 2-B: Terraza Inferior,100,100,0
2026-01-21 03:34:36,2026-01-22,Ruta 3-A: Montaña Waynapicchu,50,50,0
2026-01-21 03:34:36,2026-01-22,Ruta 3-B: Realeza diseñada,100,100,0
2026-01-21 03:59:36,2026-01-22,Ruta 1-A: Montaña Machupicchu,50,50,0
2026-01-21 03:59:36,2026-01-22,Ruta 1-B: Terraza superior,100,100,0
2026-01-21 03:59:36,2026-01-22,Ruta 2-A: Clásico Diseñada,600,600,0
2026-01-21 03:59:36,2026-01-22,Ruta 2-B: Terraza Inferior,100,100,0
2026-01-21 03:59:36,2026-01-22,Ruta 3-A: Montaña Waynapicchu,50,50,0
2026-01-21 03:59:36,2026-01-22,Ruta 3-B: Realeza diseñada,100,100,0
2026-01-21 03:59:46,2026-01-22,Ruta 1-A: Montaña Machupicchu,50,50,0
2026-01-21 03:59:46,2026-01-22,Ruta 1-B: Terraza superior,100,100,0
2026-01-21 03:59:46,2026-01-22,Ruta 2-A: Clásico Diseñada,600,600,0
2026-01-21 03:59:46,2026-01-22,Ruta 2-B: Terraza Inferior,100,100,0
2026-01-21 03:59:46,2026-01-22,Ruta 3-A: Montaña Waynapicchu,50,50,0
2026-01-21 03:59:46,2026-01-22,Ruta 3-B: Realeza diseñada,100,100,0
2026-01-21 04:17:08,2026-01-22,Ruta 1-A: Montaña Machupicchu,50,50,0
2026-01-21 04:17:08,2026-01-22,Ruta 1-B: Terraza superior,100,100,0
2026-01-21 04:17:08,2026-01-22,Ruta 2-A: Clásico Diseñada,600,600,0
2026-01-21 04:17:08,2026-01-22,Ruta 2-B: Terraza Inferior,100,100,0
2026-01-21 04:17:08,2026-01-22,Ruta 3-A: Montaña Waynapicchu,50,50,0
2026-01-21 04:17:08,2026-01-22,Ruta 3-B: Realeza diseñada,100,100,0
2026-01-21 04:17:19,2026-01-22,Ruta 1-A: Montaña Machupicchu,50,50,0
2026-01-21 04:17:19,2026-01-22,Ruta 1-B: Terraza superior,100,100,0
2026-01-21 04:17:19,2026-01-22,Ruta 2-A: Clásico Diseñada,600,600,0
2026-01-21 04:17:19,2026-01-22,Ruta 2-B: Terraza Inferior,100,100,0
2026-01-21 04:17:19,2026-01-22,Ruta 3-A: Montaña Waynapicchu,50,50,0
2026-01-21 04:17:19,2026-01-22,Ruta 3-B: Realeza diseñada,100,100,0
2026-01-21 04:36:35,2026-01-22,Ruta 1-A: Montaña Machupicchu,50,50,0
2026-01-21 04:36:35,2026-01-22,Ruta 1-B: Terraza superior,100,100,0
2026-01-21 04:36:35,2026-01-22,Ruta 2-A: Clásico Diseñada,600,600,0
2026-01-21 04:36:35,2026-01-22,Ruta 2-B: Terraza Inferior,100,100,0
2026-01-21 04:36:35,2026-01-22,Ruta 3-A: Montaña Waynapicchu,50,50,0
2026-01-21 04:36:35,2026-01-22,Ruta 3-B: Realeza diseñada,100,100,0
2026-01-21 04:36:45,2026-01-22,Ruta 1-A: Montaña Machupicchu,50,50,0
2026-01-21 04:36:45,2026-01-22,Ruta 1-B: Terraza superior,100,100,0
2026-01-21 04:36:45,2026-01-22,Ruta 2-A: Clásico Diseñada,600,600,0
2026-01-21 04:36:45,2026-01-22,Ruta 2-B: Terraza Inferior,100,100,0
2026-01-21 04:36:45,2026-01-22,Ruta 3-A: Montaña Waynapicchu,50,50,0
2026-01-21 04:36:45,2026-01-22,Ruta 3-B: Realeza diseñada,100,100,0
2026-01-21 04:58:00,2026-01-22,Ruta 1-A: Montaña Machupicchu,50,50,0
2026-01-21 04:58:00,2026-01-22,Ruta 1-B: Terraza superior,100,100,0
2026-01-21 04:58:00,2026-01-22,Ruta 2-A: Clásico Diseñada,600,600,0
2026-01-21 04:58:00,2026-01-22,Ruta 2-B: Terraza Inferior,100,100,0
2026-01-21 04:58:00,2026-01-22,Ruta 3-A: Montaña Waynapicchu,50,50,0
2026-01-21 04:58:00,2026-01-22,Ruta 3-B: Realeza diseñada,100,100,0
2026-01-21 04:58:11,2026-01-22,Ruta 1-A: Montaña Machupicchu,50,50,0
2026-01-21 04:58:11,2026-01-22,Ruta 1-B: Terraza superior,100,100,0
2026-01-21 04:58:11,2026-01-22,Ruta 2-A: Clásico Diseñada,600,600,0
2026-01-21 04:58:11,2026-01-22,Ruta 2-B: Terraza Inferior,100,100,0
2026-01-21 04:58:11,2026-01-22,Ruta 3-A: Montaña Waynapicchu,50,50,0
2026-01-21 04:58:11,2026-01-22,Ruta 3-B: Realeza diseñada,100,100,0
2026-01-21 05:13:54,2026-01-22,Ruta 1-A: Montaña Machupicchu,50,50,0
2026-01-21 05:13:54,2026-01-22,Ruta 1-B: Terraza superior,100,100,0
2026-01-21 05:13:54,2026-01-22,Ruta 2-A: Clásico Diseñada,600,600,0
2026-01-21 05:13:54,2026-01-22,Ruta 2-B: Terraza Inferior,100,100,0
2026-01-21 05:13:54,2026-01-22,Ruta 3-A: Montaña Waynapicchu,50,50,0
2026-01-21 05:13:54,2026-01-22,Ruta 3-B: Realeza diseñada,100,100,0
2026-01-21 05:14:05,2026-01-22,Ruta 1-A: Montaña Machupicchu,50,50,0
2026-01-21 05:14:05,2026-01-22,Ruta 1-B: Terraza superior,100,100,0
2026-01-21 05:14:05,2026-01-22,Ruta 2-A: Clásico Diseñada,600,600,0
2026-01-21 05:14:05,2026-01-22,Ruta 2-B: Terraza Inferior,100,100,0
2026-01-21 05:14:05,2026-01-22,Ruta 3-A: Montaña Waynapicchu,50,50,0
2026-01-21 05:14:05,2026-01-22,Ruta 3-B: Realeza diseñada,100,100,0
2026-01-21 05:31:59,2026-01-22,Ruta 1-A: Montaña Machupicchu,50,50,0
2026-01-21 05:31:59,2026-01-22,Ruta 1-B: Terraza superior,100,100,0
2026-01-21 05:31:59,2026-01-22,Ruta 2-A: Clásico Diseñada,600,600,0
2026-01-21 05:31:59,2026-01-22,Ruta 2-B: Terraza Inferior,100,100,0
2026-01-21 05:31:59,2026-01-22,Ruta 3-A: Montaña Waynapicchu,50,50,0
2026-01-21 05:31:59,2026-01-22,Ruta 3-B: Realeza diseñada,100,100,0
2026-01-21 05:32:09,2026-01-22,Ruta 1-A: Montaña Machupicchu,50,50,0
2026-01-21 05:32:09,2026-01-22,Ruta 1-B: Terraza superior,100,100,0
2026-01-21 05:32:09,2026-01-22,Ruta 2-A: Clásico Diseñada,600,600,0
2026-01-21 05:32:09,2026-01-22,Ruta 2-B: Terraza Inferior,100,100,0
2026-01-21 05:32:09,2026-01-22,Ruta 3-A: Montaña Waynapicchu,50,50,0
2026-01-21 05:32:09,2026-01-22,Ruta 3-B: Realeza diseñada,100,100,0
2026-01-21 05:50:11,2026-01-22,Ruta 1-A: Montaña Machupicchu,50,50,0
2026-01-21 05:50:11,2026-01-22,Ruta 1-B: Terraza superior,100,100,0
2026-01-21 05:50:11,2026-01-22,Ruta 2-A: Clásico Diseñada,600,600,0
2026-01-21 05:50:11,2026-01-22,Ruta 2-B: Terraza Inferior,100,100,0
2026-01-21 05:50:11,2026-01-22,Ruta 3-A: Montaña Waynapicchu,50,50,0
2026-01-21 05:50:11,2026-01-22,Ruta 3-B: Realeza diseñada,100,100,0
2026-01-21 05:50:21,2026-01-22,Ruta 1-A: Montaña Machupicchu,50,50,0
2026-01-21 05:50:21,2026-01-22,Ruta 1-B: Terraza superior,100,100,0
2026-01-21 05:50:21,2026-01-22,Ruta 2-A: Clásico Diseñada,600,600,0
2026-01-21 05:50:21,2026-01-22,Ruta 2-B: Terraza Inferior,100,100,0
2026-01-21 05:50:21,2026-01-22,Ruta 3-A: Montaña Waynapicchu,50,50,0
2026-01-21 05:50:21,2026-01-22,Ruta 3-B: Realeza diseñada,100,100,0
2026-01-21 06:12:37,2026-01-22,Ruta 1-A: Montaña Machupicchu,50,50,0
2026-01-21 06:12:37,2026-01-22,Ruta 1-B: Terraza superior,100,100,0
2026-01-21 06:12:37,2026-01-22,Ruta 2-A: Clásico Diseñada,600,592,8
2026-01-21 06:12:37,2026-01-22,Ruta 2-B: Terraza Inferior,100,100,0
2026-01-21 06:12:37,2026-01-22,Ruta 3-A: Montaña Waynapicchu,50,50,0
2026-01-21 06:12:37,2026-01-22,Ruta 3-B: Realeza diseñada,100,100,0
2026-01-21 06:12:47,2026-01-22,Ruta 1-A: Montaña Machupicchu,50,50,0
2026-01-21 06:12:47,2026-01-22,Ruta 1-B: Terraza superior,100,100,0
2026-01-21 06:12:47,2026-01-22,Ruta 2-A: Clásico Diseñada,600,592,8
2026-01-21 06:12:47,2026-01-22,Ruta 2-B: Terraza Inferior,100,100,0
2026-01-21 06:12:47,2026-01-22,Ruta 3-A: Montaña Waynapicchu,50,50,0
2026-01-21 06:12:47,2026-01-22,Ruta 3-B: Realeza diseñada,100,100,0
2026-01-21 06:30:17,2026-01-22,Ruta 1-A: Montaña Machupicchu,50,50,0
2026-01-21 06:30:17,2026-01-22,Ruta 1-B: Terraza superior,100,100,0
2026-01-21 06:30:17,2026-01-22,Ruta 2-A: Clásico Diseñada,600,585,15
2026-01-21 06:30:17,2026-01-22,Ruta 2-B: Terraza Inferior,100,97,3
2026-01-21 06:30:17,2026-01-22,Ruta 3-A: Montaña Waynapicchu,50,49,1
2026-01-21 06:30:17,2026-01-22,Ruta 3-B: Realeza diseñada,100,100,0
2026-01-21 06:30:27,2026-01-22,Ruta 1-A: Montaña Machupicchu,50,50,0
2026-01-21 06:30:27,2026-01-22,Ruta 1-B: Terraza superior,100,100,0
2026-01-21 06:30:27,2026-01-22,Ruta 2-A: Clásico Diseñada,600,585,15
2026-01-21 06:30:27,2026-01-22,Ruta 2-B: Terraza Inferior,100,97,3
2026-01-21 06:30:27,2026-01-22,Ruta 3-A: Montaña Waynapicchu,50,49,1
2026-01-21 06:30:27,2026-01-22,Ruta 3-B: Realeza diseñada,100,100,0
2026-01-21 06:43:31,2026-01-22,Ruta 1-A: Montaña Machupicchu,50,50,0
2026-01-21 06:43:31,2026-01-22,Ruta 1-B: Terraza superior,100,100,0
2026-01-21 06:43:31,2026-01-22,Ruta 2-A: Clásico Diseñada,600,581,19
2026-01-21 06:43:31,2026-01-22,Ruta 2-B: Terraza Inferior,100,94,6
2026-01-21 06:43:31,2026-01-22,Ruta 3-A: Montaña Waynapicchu,50,49,1
2026-01-21 06:43:31,2026-01-22,Ruta 3-B: Realeza diseñada,100,100,0
2026-01-21 06:43:41,2026-01-22,Ruta 1-A: Montaña Machupicchu,50,50,0
2026-01-21 06:43:41,2026-01-22,Ruta 1-B: Terraza superior,100,100,0
2026-01-21 06:43:41,2026-01-22,Ruta 2-A: Clásico Diseñada,600,581,19
2026-01-21 06:43:41,2026-01-22,Ruta 2-B: Terraza Inferior,100,94,6
2026-01-21 06:43:41,2026-01-22,Ruta 3-A: Montaña Waynapicchu,50,49,1
2026-01-21 06:43:41,2026-01-22,Ruta 3-B: Realeza diseñada,100,100,0
2026-01-21 06:54:11,2026-01-22,Ruta 1-A: Montaña Machupicchu,50,50,0
2026-01-21 06:54:11,2026-01-22,Ruta 1-B: Terraza superior,100,100,0
2026-01-21 06:54:11,2026-01-22,Ruta 2-A: Clásico Diseñada,600,565,35
2026-01-21 06:54:11,2026-01-22,Ruta 2-B: Terraza Inferior,100,92,8
2026-01-21 06:54:11,2026-01-22,Ruta 3-A: Montaña Waynapicchu,50,49,1
2026-01-21 06:54:11,2026-01-22,Ruta 3-B: Realeza diseñada,100,100,0
2026-01-21 06:54:21,2026-01-22,Ruta 1-A: Montaña Machupicchu,50,50,0
2026-01-21 06:54:21,2026-01-22,Ruta 1-B: Terraza superior,100,100,0
2026-01-21 06:54:21,2026-01-22,Ruta 2-A: Clásico Diseñada,600,565,35
2026-01-21 06:54:21,2026-01-22,Ruta 2-B: Terraza Inferior,100,92,8
2026-01-21 06:54:21,2026-01-22,Ruta 3-A: Montaña Waynapicchu,50,49,1
2026-01-21 06:54:21,2026-01-22,Ruta 3-B: Realeza diseñada,100,100,0
2026-01-21 07:19:01,2026-01-22,Ruta 1-A: Montaña Machupicchu,50,50,0
2026-01-21 07:19:01,2026-01-22,Ruta 1-B: Terraza superior,100,100,0
2026-01-21 07:19:01,2026-01-22,Ruta 2-A: Clásico Diseñada,600,508,92
2026-01-21 07:19:01,2026-01-22,Ruta 2-B: Terraza Inferior,100,90,10
2026-01-21 07:19:01,2026-01-22,Ruta 3-A: Montaña Waynapicchu,50,49,1
2026-01-21 07:19:01,2026-01-22,Ruta 3-B: Realeza diseñada,100,100,0
2026-01-21 07:19:11,2026-01-22,Ruta 1-A: Montaña Machupicchu,50,50,0
2026-01-21 07:19:11,2026-01-22,Ruta 1-B: Terraza superior,100,100,0
2026-01-21 07:19:11,2026-01-22,Ruta 2-A: Clásico Diseñada,600,508,92
2026-01-21 07:19:11,2026-01-22,Ruta 2-B: Terraza Inferior,100,90,10
2026-01-21 07:19:11,2026-01-22,Ruta 3-A: Montaña Waynapicchu,50,49,1
2026-01-21 07:19:11,2026-01-22,Ruta 3-B: Realeza diseñada,100,100,0
2026-01-21 07:53:45,2026-01-22,Ruta 1-A: Montaña Machupicchu,50,50,0
2026-01-21 07:53:45,2026-01-22,Ruta 1-B: Terraza superior,100,100,0
2026-01-21 07:53:45,2026-01-22,Ruta 2-A: Clásico Diseñada,600,468,132
2026-01-21 07:53:45,2026-01-22,Ruta 2-B: Terraza Inferior,100,90,10
2026-01-21 07:53:45,2026-01-22,Ruta 3-A: Montaña Waynapicchu,50,49,1
2026-01-21 07:53:45,2026-01-22,Ruta 3-B: Realeza diseñada,100,100,0
2026-01-21 07:53:56,2026-01-22,Ruta 1-A: Montaña Machupicchu,50,50,0
2026-01-21 07:53:56,2026-01-22,Ruta 1-B: Terraza superior,100,100,0
2026-01-21 07:53:56,2026-01-22,Ruta 2-A: Clásico Diseñada,600,468,132
2026-01-21 07:53:56,2026-01-22,Ruta 2-B: Terraza Inferior,100,90,10
2026-01-21 07:53:56,2026-01-22,Ruta 3-A: Montaña Waynapicchu,50,49,1
2026-01-21 07:53:56,2026-01-22,Ruta 3-B: Realeza diseñada,100,100,0
2026-01-21 08:25:13,2026-01-22,Ruta 1-A: Montaña Machupicchu,50,50,0
2026-01-21 08:25:13,2026-01-22,Ruta 1-B: Terraza superior,100,100,0
2026-01-21 08:25:13,2026-01-22,Ruta 2-A: Clásico Diseñada,600,451,149
2026-01-21 08:25:13,2026-01-22,Ruta 2-B: Terraza Inferior,100,84,16
2026-01-21 08:25:13,2026-01-22,Ruta 3-A: Montaña Waynapicchu,50,49,1
2026-01-21 08:25:13,2026-01-22,Ruta 3-B: Realeza diseñada,100,100,0
2026-01-21 08:25:24,2026-01-22,Ruta 1-A: Montaña Machupicchu,50,50,0
2026-01-21 08:25:24,2026-01-22,Ruta 1-B: Terraza superior,100,100,0
2026-01-21 08:25:24,2026-01-22,Ruta 2-A: Clásico Diseñada,600,451,149
2026-01-21 08:25:24,2026-01-22,Ruta 2-B: Terraza Inferior,100,84,16
2026-01-21 08:25:24,2026-01-22,Ruta 3-A: Montaña Waynapicchu,50,49,1
2026-01-21 08:25:24,2026-01-22,Ruta 3-B: Realeza diseñada,100,100,0
2026-01-21 08:52:26,2026-01-22,Ruta 1-A: Montaña Machupicchu,50,50,0
2026-01-21 08:52:26,2026-01-22,Ruta 1-B: Terraza superior,100,100,0
2026-01-21 08:52:26,2026-01-22,Ruta 2-A: Clásico Diseñada,600,439,161
2026-01-21 08:52:26,2026-01-22,Ruta 2-B: Terraza Inferior,100,84,16
2026-01-21 08:52:26,2026-01-22,Ruta 3-A: Montaña Waynapicchu,50,49,1
2026-01-21 08:52:26,2026-01-22,Ruta 3-B: Realeza diseñada,100,100,0
2026-01-21 08:52:37,2026-01-22,Ruta 1-A: Montaña Machupicchu,50,50,0
2026-01-21 08:52:37,2026-01-22,Ruta 1-B: Terraza superior,100,100,0
2026-01-21 08:52:37,2026-01-22,Ruta 2-A: Clásico Diseñada,600,439,161
2026-01-21 08:52:37,2026-01-22,Ruta 2-B: Terraza Inferior,100,84,16
2026-01-21 08:52:37,2026-01-22,Ruta 3-A: Montaña Waynapicchu,50,49,1
2026-01-21 08:52:37,2026-01-22,Ruta 3-B: Realeza diseñada,100,100,0
2026-01-21 09:16:41,2026-01-22,Ruta 1-A: Montaña Machupicchu,50,50,0
2026-01-21 09:16:41,2026-01-22,Ruta 1-B: Terraza superior,100,100,0
2026-01-21 09:16:41,2026-01-22,Ruta 2-A: Clásico Diseñada,600,420,180
2026-01-21 09:16:41,2026-01-22,Ruta 2-B: Terraza Inferior,100,84,16
2026-01-21 09:16:41,2026-01-22,Ruta 3-A: Montaña Waynapicchu,50,49,1
2026-01-21 09:16:41,2026-01-22,Ruta 3-B: Realeza diseñada,100,100,0
2026-01-21 09:16:52,2026-01-22,Ruta 1-A: Montaña Machupicchu,50,50,0
2026-01-21 09:16:52,2026-01-22,Ruta 1-B: Terraza superior,100,100,0
2026-01-21 09:16:52,2026-01-22,Ruta 2-A: Clásico Diseñada,600,420,180
2026-01-21 09:16:52,2026-01-22,Ruta 2-B: Terraza Inferior,100,84,16
2026-01-21 09:16:52,2026-01-22,Ruta 3-A: Montaña Waynapicchu,50,49,1
2026-01-21 09:16:52,2026-01-22,Ruta 3-B: Realeza diseñada,100,100,0
2026-01-21 09:35:51,2026-01-22,Ruta 1-A: Montaña Machupicchu,50,50,0
2026-01-21 09:35:51,2026-01-22,Ruta 1-B: Terraza superior,100,100,0
2026-01-21 09:35:51,2026-01-22,Ruta 2-A: Clásico Diseñada,600,416,184
2026-01-21 09:35:51,2026-01-22,Ruta 2-B: Terraza Inferior,100,84,16
2026-01-21 09:35:51,2026-01-22,Ruta 3-A: Montaña Waynapicchu,50,49,1
2026-01-21 09:35:51,2026-01-22,Ruta 3-B: Realeza diseñada,100,100,0
2026-01-21 09:36:01,2026-01-22,Ruta 1-A: Montaña Machupicchu,50,50,0
2026-01-21 09:36:01,2026-01-22,Ruta 1-B: Terraza superior,100,100,0
2026-01-21 09:36:01,2026-01-22,Ruta 2-A: Clásico Diseñada,600,416,184
2026-01-21 09:36:01,2026-01-22,Ruta 2-B: Terraza Inferior,100,84,16
2026-01-21 09:36:01,2026-01-22,Ruta 3-A: Montaña Waynapicchu,50,49,1
2026-01-21 09:36:01,2026-01-22,Ruta 3-B: Realeza diseñada,100,100,0
2026-01-21 09:59:45,2026-01-22,Ruta 1-A: Montaña Machupicchu,50,50,0
2026-01-21 09:59:45,2026-01-22,Ruta 1-B: Terraza superior,100,100,0
2026-01-21 09:59:45,2026-01-22,Ruta 2-A: Clásico Diseñada,600,400,200
2026-01-21 09:59:45,2026-01-22,Ruta 2-B: Terraza Inferior,100,84,16
2026-01-21 09:59:45,2026-01-22,Ruta 3-A: Montaña Waynapicchu,50,49,1
2026-01-21 09:59:45,2026-01-22,Ruta 3-B: Realeza diseñada,100,100,0
2026-01-21 09:59:55,2026-01-22,Ruta 1-A: Montaña Machupicchu,50,50,0
2026-01-21 09:59:55,2026-01-22,Ruta 1-B: Terraza superior,100,100,0
2026-01-21 09:59:55,2026-01-22,Ruta 2-A: Clásico Diseñada,600,400,200
2026-01-21 09:59:55,2026-01-22,Ruta 2-B: Terraza Inferior,100,84,16
2026-01-21 09:59:55,2026-01-22,Ruta 3-A: Montaña Waynapicchu,50,49,1
2026-01-21 09:59:55,2026-01-22,Ruta 3-B: Realeza diseñada,100,100,0
2026-01-21 10:16:28,2026-01-22,Ruta 1-A: Montaña Machupicchu,50,50,0
2026-01-21 10:16:28,2026-01-22,Ruta 1-B: Terraza superior,100,100,0
2026-01-21 10:16:28,2026-01-22,Ruta 2-A: Clásico Diseñada,600,399,201
2026-01-21 10:16:28,2026-01-22,Ruta 2-B: Terraza Inferior,100,82,18
2026-01-21 10:16:28,2026-01-22,Ruta 3-A: Montaña Waynapicchu,50,49,1
2026-01-21 10:16:28,2026-01-22,Ruta 3-B: Realeza diseñada,100,100,0
2026-01-21 10:16:38,2026-01-22,Ruta 1-A: Montaña Machupicchu,50,50,0
2026-01-21 10:16:38,2026-01-22,Ruta 1-B: Terraza superior,100,100,0
2026-01-21 10:16:38,2026-01-22,Ruta 2-A: Clásico Diseñada,600,399,201
2026-01-21 10:16:38,2026-01-22,Ruta 2-B: Terraza Inferior,100,82,18
2026-01-21 10:16:38,2026-01-22,Ruta 3-A: Montaña Waynapicchu,50,49,1
2026-01-21 10:16:38,2026-01-22,Ruta 3-B: Realeza diseñada,100,100,0
2026-01-21 10:35:43,2026-01-22,Ruta 1-A: Montaña Machupicchu,50,50,0
2026-01-21 10:35:43,2026-01-22,Ruta 1-B: Terraza superior,100,100,0
2026-01-21 10:35:43,2026-01-22,Ruta 2-A: Clásico Diseñada,600,399,201
2026-01-21 10:35:43,2026-01-22,Ruta 2-B: Terraza Inferior,100,82,18
2026-01-21 10:35:43,2026-01-22,Ruta 3-A: Montaña Waynapicchu,50,49,1
2026-01-21 10:35:43,2026-01-22,Ruta 3-B: Realeza diseñada,100,100,0
2026-01-21 10:35:54,2026-01-22,Ruta 1-A: Montaña Machupicchu,50,50,0
2026-01-21 10:35:54,2026-01-22,Ruta 1-B: Terraza superior,100,100,0
2026-01-21 10:35:54,2026-01-22,Ruta 2-A: Clásico Diseñada,600,399,201
2026-01-21 10:35:54,2026-01-22,Ruta 2-B: Terraza Inferior,100,82,18
2026-01-21 10:35:54,2026-01-22,Ruta 3-A: Montaña Waynapicchu,50,49,1
2026-01-21 10:35:54,2026-01-22,Ruta 3-B: Realeza diseñada,100,100,0
2026-01-21 10:59:37,2026-01-22,Ruta 1-A: Montaña Machupicchu,50,50,0
2026-01-21 10:59:37,2026-01-22,Ruta 1-B: Terraza superior,100,100,0
2026-01-21 10:59:37,2026-01-22,Ruta 2-A: Clásico Diseñada,600,393,207
2026-01-21 10:59:37,2026-01-22,Ruta 2-B: Terraza Inferior,100,82,18
2026-01-21 10:59:37,2026-01-22,Ruta 3-A: Montaña Waynapicchu,50,49,1
2026-01-21 10:59:37,2026-01-22,Ruta 3-B: Realeza diseñada,100,100,0
2026-01-21 10:59:47,2026-01-22,Ruta 1-A: Montaña Machupicchu,50,50,0
2026-01-21 10:59:47,2026-01-22,Ruta 1-B: Terraza superior,100,100,0
2026-01-21 10:59:47,2026-01-22,Ruta 2-A: Clásico Diseñada,600,393,207
2026-01-21 10:59:47,2026-01-22,Ruta 2-B: Terraza Inferior,100,82,18
2026-01-21 10:59:47,2026-01-22,Ruta 3-A: Montaña Waynapicchu,50,49,1
2026-01-21 10:59:47,2026-01-22,Ruta 3-B: Realeza diseñada,100,100,0
2026-01-21 11:18:17,2026-01-22,Ruta 1-A: Montaña Machupicchu,50,50,0
2026-01-21 11:18:17,2026-01-22,Ruta 1-B: Terraza superior,100,100,0
2026-01-21 11:18:17,2026-01-22,Ruta 2-A: Clásico Diseñada,600,378,222
2026-01-21 11:18:17,2026-01-22,Ruta 2-B: Terraza Inferior,100,82,18
2026-01-21 11:18:17,2026-01-22,Ruta 3-A: Montaña Waynapicchu,50,49,1
2026-01-21 11:18:17,2026-01-22,Ruta 3-B: Realeza diseñada,100,100,0
2026-01-21 11:18:27,2026-01-22,Ruta 1-A: Montaña Machupicchu,50,50,0
2026-01-21 11:18:27,2026-01-22,Ruta 1-B: Terraza superior,100,100,0
2026-01-21 11:18:27,2026-01-22,Ruta 2-A: Clásico Diseñada,600,378,222
2026-01-21 11:18:27,2026-01-22,Ruta 2-B: Terraza Inferior,100,82,18
2026-01-21 11:18:27,2026-01-22,Ruta 3-A: Montaña Waynapicchu,50,49,1
2026-01-21 11:18:27,2026-01-22,Ruta 3-B: Realeza diseñada,100,100,0
2026-01-21 11:18:37,2026-01-22,Ruta 1-A: Montaña Machupicchu,50,50,0
2026-01-21 11:18:37,2026-01-22,Ruta 1-B: Terraza superior,100,100,0
2026-01-21 11:18:37,2026-01-22,Ruta 2-A: Clásico Diseñada,600,378,222
2026-01-21 11:18:37,2026-01-22,Ruta 2-B: Terraza Inferior,100,82,18
2026-01-21 11:18:37,2026-01-22,Ruta 3-A: Montaña Waynapicchu,50,49,1
2026-01-21 11:18:37,2026-01-22,Ruta 3-B: Realeza diseñada,100,100,0
